1.0000000000e-03 -2.4350376525e+00 5.8120117017e-01 1.5990397308e+00 5.8120117017e-01 -3.3174880460e+01 -3.9722150312e+01 1.5990397308e+00 -3.9722150312e+01 -8.1746832556e+01 
1.0020000000e+00 -1.1138980347e+01 5.8120117017e-01 1.5990397308e+00 5.8120117017e-01 -3.2642159092e+01 -3.9722150312e+01 1.5990397308e+00 -3.9722150312e+01 -8.0766354527e+01 
2.0030000000e+00 -5.5722707478e+00 5.8120117017e-01 1.5990397308e+00 5.8120117017e-01 -3.2109677125e+01 -3.9722150312e+01 1.5990397308e+00 -3.9722150312e+01 -7.9786115900e+01 
3.0040000000e+00 -3.7154654820e+00 5.8120117017e-01 1.5990397308e+00 5.8120117017e-01 -3.1577673723e+01 -3.9722150312e+01 1.5990397308e+00 -3.9722150312e+01 -7.8806355836e+01 
4.0050000000e+00 -2.7868310382e+00 5.8120117017e-01 1.5990397308e+00 5.8120117017e-01 -3.1046388046e+01 -3.9722150312e+01 1.5990397308e+00 -3.9722150312e+01 -7.7827313499e+01 
5.0060000000e+00 -2.2295761702e+00 5.8120117017e-01 1.5990397308e+00 5.8120117017e-01 -3.0516059259e+01 -3.9722150312e+01 1.5990397308e+00 -3.9722150312e+01 -7.6849228051e+01 
6.0070000000e+00 -1.8580420023e+00 5.8120117017e-01 1.5990397308e+00 5.8120117017e-01 -2.9986926523e+01 -3.9722150312e+01 1.5990397308e+00 -3.9722150312e+01 -7.5872338655e+01 
7.0080000000e+00 -1.5926453065e+00 5.8120117017e-01 1.5990397308e+00 5.8120117017e-01 -2.9459229002e+01 -3.9722150312e+01 1.5990397308e+00 -3.9722150312e+01 -7.4896884472e+01 
8.0090000000e+00 -1.3935895003e+00 5.8120117017e-01 1.5990397308e+00 5.8120117017e-01 -2.8933205856e+01 -3.9722150312e+01 1.5990397308e+00 -3.9722150312e+01 -7.3923104666e+01 
9.0100000000e+00 -1.2387634082e+00 5.8120117017e-01 1.5990397308e+00 5.8120117017e-01 -2.8409096250e+01 -3.9722150312e+01 1.5990397308e+00 -3.9722150312e+01 -7.2951238400e+01 
1.0011000000e+01 -1.1148994414e+00 5.8120117017e-01 1.5990397308e+00 5.8120117017e-01 -2.7887139346e+01 -3.9722141604e+01 1.5990397308e+00 -3.9722141604e+01 -7.1981524834e+01 
1.1012000000e+01 -1.0135541507e+00 5.8120117017e-01 1.5990397308e+00 5.8120117017e-01 -2.7367574306e+01 -3.9655301279e+01 1.5990397308e+00 -3.9655301279e+01 -7.1014203133e+01 
1.2013000000e+01 -9.2909833580e-01 5.8120117017e-01 1.5990397308e+00 5.8120117017e-01 -2.6850640292e+01 -3.9480269730e+01 1.5990397308e+00 -3.9480269730e+01 -7.0049512459e+01 
1.3014000000e+01 -8.5763472475e-01 5.8120117017e-01 1.5990397308e+00 5.8120117017e-01 -2.6336576467e+01 -3.9222858520e+01 1.5990397308e+00 -3.9222858520e+01 -6.9087691974e+01 
1.4015000000e+01 -7.9637947256e-01 5.8120117017e-01 1.5990397308e+00 5.8120117017e-01 -2.5825621995e+01 -3.8901573333e+01 1.5990397308e+00 -3.8901573333e+01 -6.8128980840e+01 
1.5016000000e+01 -7.4329104341e-01 5.8120117017e-01 1.5990397308e+00 5.8120117017e-01 -2.5318016036e+01 -3.8530049104e+01 1.5990397308e+00 -3.8530049104e+01 -6.7173618221e+01 
1.6017000000e+01 -6.9683825360e-01 5.8120117017e-01 1.5990397308e+00 5.8120117017e-01 -2.4813997754e+01 -3.8118572036e+01 1.5990397308e+00 -3.8118572036e+01 -6.6221843278e+01 
1.7018000000e+01 -6.5585017675e-01 5.8120117017e-01 1.5990397308e+00 5.8120117017e-01 -2.4313806311e+01 -3.7675064461e+01 1.5990397308e+00 -3.7675064461e+01 -6.5273895175e+01 
1.8019000000e+01 -6.1941607791e-01 5.8120117017e-01 1.5990397308e+00 5.8120117017e-01 -2.3817680870e+01 -3.7205741433e+01 1.5990397308e+00 -3.7205741433e+01 -6.4330013073e+01 
1.9020000000e+01 -5.8681694574e-01 5.8120117017e-01 1.5990397308e+00 5.8120117017e-01 -2.3325860594e+01 -3.6715559992e+01 1.5990397308e+00 -3.6715559992e+01 -6.3390436136e+01 
2.0021000000e+01 -5.5747756395e-01 5.8120117017e-01 1.5990397308e+00 5.8120117017e-01 -2.2838584644e+01 -3.6208533648e+01 1.5990397308e+00 -3.6208533648e+01 -6.2455403525e+01 
2.1022000000e+01 -5.3093227609e-01 5.8120117017e-01 1.5990397308e+00 5.8120117017e-01 -2.2356092183e+01 -3.5687957022e+01 1.5990397308e+00 -3.5687957022e+01 -6.1525154404e+01 
2.2023000000e+01 -5.0680008663e-01 5.8120117017e-01 1.5990397308e+00 5.8120117017e-01 -2.1878622374e+01 -3.5156569224e+01 1.5990397308e+00 -3.5156569224e+01 -6.0599927934e+01 
2.3024000000e+01 -4.8476625729e-01 5.8120117017e-01 1.5990397308e+00 5.8120117017e-01 -2.1406414380e+01 -3.4616674607e+01 1.5990397308e+00 -3.4616674607e+01 -5.9679963279e+01 
2.4025000000e+01 -4.6456850397e-01 5.8120117017e-01 1.5990397308e+00 5.8120117017e-01 -2.0939707363e+01 -3.4070233341e+01 1.5990397308e+00 -3.4070233341e+01 -5.8765499601e+01 
2.5026000000e+01 -4.4598650635e-01 5.8174299850e-01 1.5990397308e+00 5.8174299850e-01 -2.0478740485e+01 -3.3518930247e+01 1.5990397308e+00 -3.3518930247e+01 -5.7856776062e+01 
2.6027000000e+01 -4.2883383824e-01 2.7582592476e+00 1.5990397308e+00 2.7582592476e+00 -2.0023752908e+01 -3.2964227743e+01 1.5990397308e+00 -3.2964227743e+01 -5.6954031826e+01 
2.7028000000e+01 -4.1295169113e-01 2.6561052774e+00 1.5990397308e+00 2.6561052774e+00 -1.9574983797e+01 -3.2407407033e+01 1.5990397308e+00 -3.2407407033e+01 -5.6057506053e+01 
2.8029000000e+01 -3.9820394263e-01 2.5612477590e+00 1.5990397308e+00 2.5612477590e+00 -1.9132672312e+01 -3.1849600463e+01 1.5990397308e+00 -3.1849600463e+01 -5.5167437908e+01 
2.9030000000e+01 -3.8447324519e-01 2.4729319131e+00 1.5990397308e+00 2.4729319131e+00 -1.8697057617e+01 -3.1291817183e+01 1.5990397308e+00 -3.1291817183e+01 -5.4284066552e+01 
3.0031000000e+01 -3.7165789710e-01 2.3905035942e+00 1.5990397308e+00 2.3905035942e+00 -1.8268378873e+01 -3.0734963685e+01 1.5990397308e+00 -3.0734963685e+01 -5.3407631148e+01 
3.1032000000e+01 -3.5966931902e-01 2.3133930600e+00 1.5990397308e+00 2.3133930600e+00 -1.7846875244e+01 -3.0179860354e+01 1.5990397308e+00 -3.0179860354e+01 -5.2538370858e+01 
3.2033000000e+01 -3.4843000368e-01 2.2411017837e+00 1.5990397308e+00 2.2411017837e+00 -1.7432785893e+01 -2.9627254926e+01 1.5990397308e+00 -2.9627254926e+01 -5.1676524846e+01 
3.3034000000e+01 -3.3787183835e-01 2.1731916642e+00 1.5990397308e+00 2.1731916642e+00 -1.7026349980e+01 -2.9077833492e+01 1.5990397308e+00 -2.9077833492e+01 -5.0822332273e+01 
3.4035000000e+01 -3.2793472331e-01 2.1092761403e+00 1.5990397308e+00 2.1092761403e+00 -1.6627806670e+01 -2.8532229568e+01 1.5990397308e+00 -2.8532229568e+01 -4.9976032302e+01 
3.5036000000e+01 -3.1856542722e-01 2.0490128278e+00 1.5994556353e+00 2.0490128278e+00 -1.6237395125e+01 -2.7991031598e+01 1.5994556353e+00 -2.7991031598e+01 -4.9137864096e+01 
3.6037000000e+01 -3.0971663312e-01 1.9920973843e+00 3.8256198524e+00 1.9920973843e+00 -1.5855354506e+01 -2.7454789221e+01 3.8256198524e+00 -2.7454789221e+01 -4.8308066816e+01 
3.7038000000e+01 -3.0134613931e-01 1.9382583681e+00 3.7222275128e+00 1.9382583681e+00 -1.5481923978e+01 -2.6924018511e+01 3.7222275128e+00 -2.6924018511e+01 -4.7486879627e+01 
3.8039000000e+01 -2.9341618623e-01 1.8872529098e+00 3.6242767323e+00 1.8872529098e+00 -1.5117342701e+01 -2.6399206395e+01 3.6242767323e+00 -2.6399206395e+01 -4.6674541690e+01 
3.9040000000e+01 -2.8589288699e-01 1.8388630491e+00 3.5313489400e+00 1.8388630491e+00 -1.4761849839e+01 -2.5880814386e+01 3.5313489400e+00 -2.5880814386e+01 -4.5871292167e+01 
4.0041000000e+01 -2.7874574331e-01 1.7928926210e+00 3.4430674214e+00 1.7928926210e+00 -1.4415684554e+01 -2.5369281767e+01 3.4430674214e+00 -2.5369281767e+01 -4.5077370221e+01 
4.1042000000e+01 -2.7194723230e-01 1.7491645981e+00 3.3590922133e+00 1.7491645981e+00 -1.4079086009e+01 -2.4865028293e+01 3.3590922133e+00 -2.4865028293e+01 -4.4293015016e+01 
4.2043000000e+01 -2.6547245220e-01 1.7075188126e+00 3.2791157296e+00 1.7075188126e+00 -1.3752293366e+01 -2.4368456524e+01 3.2791157296e+00 -2.4368456524e+01 -4.3518465712e+01 
4.3044000000e+01 -2.5929881767e-01 1.6678099953e+00 3.2028589959e+00 1.6678099953e+00 -1.3435545788e+01 -2.3879953819e+01 3.2028589959e+00 -2.3879953819e+01 -4.2753961473e+01 
4.4045000000e+01 -2.5340579652e-01 1.6299060832e+00 3.1300683987e+00 1.6299060832e+00 -1.3129082437e+01 -2.3399894063e+01 3.1300683987e+00 -2.3399894063e+01 -4.1999741462e+01 
4.5046000000e+01 -2.4777468161e-01 1.5936867521e+00 3.0605128673e+00 1.5936867521e+00 -1.2833142476e+01 -2.2928639169e+01 3.0605128673e+00 -2.2928639169e+01 -4.1256044840e+01 
4.6047000000e+01 -2.4238839247e-01 1.5590421403e+00 2.9939814237e+00 1.5590421403e+00 -1.2547965068e+01 -2.2466540375e+01 2.9939814237e+00 -2.2466540375e+01 -4.0523110771e+01 
4.7048000000e+01 -2.3723130224e-01 1.5258717360e+00 2.9302810453e+00 1.5258717360e+00 -1.2273789374e+01 -2.2013939380e+01 2.9302810453e+00 -2.2013939380e+01 -3.9801178416e+01 
4.8049000000e+01 -2.3228908631e-01 1.4940834031e+00 2.8692347941e+00 1.4940834031e+00 -1.2010854557e+01 -2.1571169340e+01 2.8692347941e+00 -2.1571169340e+01 -3.9090486939e+01 
4.9050000000e+01 -2.2754858936e-01 1.4635925267e+00 2.8106801757e+00 1.4635925267e+00 -1.1759399781e+01 -2.1138555738e+01 2.8106801757e+00 -2.1138555738e+01 -3.8391275501e+01 
5.0051000000e+01 -2.2299770850e-01 1.4343212610e+00 2.7544676953e+00 1.4343212610e+00 -9.2255543510e+00 -2.0716417150e+01 2.7544676953e+00 -2.0716417150e+01 -3.7703783266e+01 
5.1052000000e+01 -2.1862529006e-01 1.4061978656e+00 2.7004595828e+00 1.4061978656e+00 -9.0446646718e+00 -2.0305065925e+01 2.7004595828e+00 -2.0305065925e+01 -3.7028249396e+01 
5.2053000000e+01 -2.1442103832e-01 1.3791561185e+00 2.6485286654e+00 1.3791561185e+00 -8.8707321542e+00 -1.9904808782e+01 2.6485286654e+00 -1.9904808782e+01 -3.6364913054e+01 
5.3054000000e+01 -2.1037543461e-01 1.3531347954e+00 2.5985573683e+00 1.3531347954e+00 -8.7033630042e+00 -1.9515947341e+01 2.5985573683e+00 -1.9515947341e+01 -3.5714013401e+01 
5.4055000000e+01 -2.0647966530e-01 1.3280772072e+00 2.5504368258e+00 1.3280772072e+00 -8.5421925969e+00 -1.9138778598e+01 2.5504368258e+00 -1.9138778598e+01 -3.5075789601e+01 
5.5056000000e+01 -2.0272555776e-01 1.3039307875e+00 2.5040660894e+00 1.3039307875e+00 -8.3868828252e+00 -1.8773595339e+01 2.5040660894e+00 -1.8773595339e+01 -3.4450480815e+01 
5.6057000000e+01 -1.9910552309e-01 1.2806467245e+00 2.4593514212e+00 1.2806467245e+00 -8.2371197321e+00 -1.8420686523e+01 2.4593514212e+00 -1.8420686523e+01 -3.3838326208e+01 
5.7058000000e+01 -1.9561250496e-01 1.2581796319e+00 2.4162056612e+00 1.2581796319e+00 -8.0926113923e+00 -1.8080337613e+01 2.4162056612e+00 -1.8080337613e+01 -3.3239564940e+01 
5.8059000000e+01 -1.9223993365e-01 1.2364872533e+00 2.3745476605e+00 1.2364872533e+00 -7.9530860129e+00 -1.7752830881e+01 2.3745476605e+00 -1.7752830881e+01 -3.2654436175e+01 
5.9060000000e+01 -1.8898168486e-01 1.2155301970e+00 2.3343017714e+00 1.2155301970e+00 -7.8182902273e+00 -1.7438445672e+01 2.3343017714e+00 -1.7438445672e+01 -3.2083179075e+01 
6.0061000000e+01 -1.8583204256e-01 1.1952716977e+00 2.2953973896e+00 1.1952716977e+00 -7.6879875597e+00 -1.4763996010e+01 2.2953973896e+00 -1.4763996010e+01 -3.1526032802e+01 
6.1062000000e+01 -1.8278566552e-01 1.1756774006e+00 2.2577685405e+00 1.1756774006e+00 -7.5619570408e+00 -1.4521967252e+01 2.2577685405e+00 -1.4521967252e+01 -3.0983236520e+01 
6.2063000000e+01 -1.7983755713e-01 1.1567151674e+00 2.2213535056e+00 1.1567151674e+00 -7.4399919569e+00 -1.4287745748e+01 2.2213535056e+00 -1.4287745748e+01 -3.0455029390e+01 
6.3064000000e+01 -1.7698303799e-01 1.1383549004e+00 2.1860944853e+00 1.1383549004e+00 -7.3218987191e+00 -1.4060959729e+01 2.1860944853e+00 -1.4060959729e+01 -2.9941650575e+01 
6.4065000000e+01 -1.7421772119e-01 1.1205683827e+00 2.1519372921e+00 1.1205683827e+00 -7.2074958374e+00 -1.3841260663e+01 2.1519372921e+00 -1.3841260663e+01 -2.9443339238e+01 
6.5066000000e+01 -1.7153748975e-01 1.1033291341e+00 2.1188310734e+00 1.1033291341e+00 -7.0966129903e+00 -1.3628321464e+01 2.1188310734e+00 -1.3628321464e+01 -2.8960334542e+01 
6.6067000000e+01 -1.6893847621e-01 1.0866122790e+00 2.0867280582e+00 1.0866122790e+00 -6.9890901785e+00 -1.3421834870e+01 2.0867280582e+00 -1.3421834870e+01 -2.8492875647e+01 
6.7068000000e+01 -1.6641704401e-01 1.0703944271e+00 2.0555833277e+00 1.0703944271e+00 -6.8847769551e+00 -1.3221511964e+01 2.0555833277e+00 -1.3221511964e+01 -2.8041201719e+01 
6.8069000000e+01 -1.6396977050e-01 1.0546535638e+00 2.0253546052e+00 1.0546535638e+00 -6.7835317226e+00 -1.3027080820e+01 2.0253546052e+00 -1.3027080820e+01 -2.7605551917e+01 
6.9070000000e+01 -1.6159343142e-01 1.0393689509e+00 1.9960020649e+00 1.0393689509e+00 -6.6852210920e+00 -1.2838285281e+01 1.9960020649e+00 -1.2838285281e+01 -2.7186165407e+01 
7.0071000000e+01 -1.5928498677e-01 1.0245210349e+00 1.9674881566e+00 1.0245210349e+00 -6.5897192965e+00 -1.2654883823e+01 1.9674881566e+00 -1.2654883823e+01 -2.4302413710e+01 
7.1072000000e+01 -1.5704156782e-01 1.0100913642e+00 1.9397774457e+00 1.0100913642e+00 -6.4969076545e+00 -1.2476648531e+01 1.9397774457e+00 -1.2476648531e+01 -2.3960131009e+01 
7.2073000000e+01 -1.5486046519e-01 9.9606251213e-01 1.9128364661e+00 9.9606251213e-01 -6.4066740780e+00 -1.2303364150e+01 1.9128364661e+00 -1.2303364150e+01 -2.3627356029e+01 
7.3074000000e+01 -1.5273911799e-01 9.8241800690e-01 1.8866335854e+00 9.8241800690e-01 -6.3189126204e+00 -1.2134827221e+01 1.8866335854e+00 -1.2134827221e+01 -2.3303698047e+01 
7.4075000000e+01 -1.5067510372e-01 9.6914226711e-01 1.8611388811e+00 9.6914226711e-01 -6.2335230621e+00 -1.1970845283e+01 1.8611388811e+00 -1.1970845283e+01 -2.2988787460e+01 
7.5076000000e+01 -1.4866612909e-01 9.5622054234e-01 1.8363240266e+00 9.5622054234e-01 -6.1504105283e+00 -1.1811236139e+01 1.8363240266e+00 -1.1811236139e+01 -2.2682274376e+01 
7.6077000000e+01 -1.4671002153e-01 9.4363885848e-01 1.8121621859e+00 9.4363885848e-01 -6.0694851377e+00 -1.1655827180e+01 1.8121621859e+00 -1.1655827180e+01 -2.2383827321e+01 
7.7078000000e+01 -1.4480472129e-01 9.3138396736e-01 1.7886279174e+00 9.3138396736e-01 -5.9906616781e+00 -1.1504454765e+01 1.7886279174e+00 -1.1504454765e+01 -2.2093132036e+01 
7.8079000000e+01 -1.4294827429e-01 9.1944330020e-01 1.7656970840e+00 9.1944330020e-01 -5.9138593069e+00 -1.1356963644e+01 1.7656970840e+00 -1.1356963644e+01 -2.1809890381e+01 
7.9080000000e+01 -1.4113882534e-01 9.0780492459e-01 1.7433467706e+00 9.0780492459e-01 -5.8390012750e+00 -1.1213206429e+01 1.7433467706e+00 -1.1213206429e+01 -2.1533819311e+01 
8.0081000000e+01 -1.3937461205e-01 8.9645750473e-01 1.7215552081e+00 8.9645750473e-01 -5.7660146704e+00 -1.1073043098e+01 1.7215552081e+00 -1.1073043098e+01 -2.1264649930e+01 
8.1082000000e+01 -1.3765395905e-01 8.8539026463e-01 1.7003017022e+00 8.8539026463e-01 -5.6948301821e+00 -1.0936340549e+01 1.7003017022e+00 -1.0936340549e+01 -2.1002126626e+01 
8.2083000000e+01 -1.3597527269e-01 8.7459295392e-01 1.6795665682e+00 8.7459295392e-01 -5.6253818796e+00 -1.0802972167e+01 1.6795665682e+00 -1.0802972167e+01 -2.0746006251e+01 
8.3084000000e+01 -1.3433703611e-01 8.6405581624e-01 1.6593310700e+00 8.6405581624e-01 -5.5576070101e+00 -1.0672817442e+01 1.6593310700e+00 -1.0672817442e+01 -2.0496057377e+01 
8.4085000000e+01 -1.3273780470e-01 8.5376955981e-01 1.6395773636e+00 8.5376955981e-01 -5.4914458087e+00 -1.0545761603e+01 1.6395773636e+00 -1.0545761603e+01 -2.0252059595e+01 
8.5086000000e+01 -1.3117620182e-01 8.4372533010e-01 1.6202884449e+00 8.4372533010e-01 -5.4268413232e+00 -1.0421695277e+01 1.6202884449e+00 -1.0421695277e+01 -2.0013802871e+01 
8.6087000000e+01 -1.2965091486e-01 8.3391468441e-01 1.6014481004e+00 8.3391468441e-01 -5.3637392501e+00 -1.0300514182e+01 1.6014481004e+00 -1.0300514182e+01 -1.9781086936e+01 
8.7088000000e+01 -1.2816069158e-01 8.2432956821e-01 1.5830408623e+00 8.2432956821e-01 -5.3020877827e+00 -1.0182118827e+01 1.5830408623e+00 -1.0182118827e+01 -1.9553720732e+01 
8.8089000000e+01 -1.2670433661e-01 8.1496229310e-01 1.5650519658e+00 8.1496229310e-01 -5.2418374692e+00 -1.0066414244e+01 1.5650519658e+00 -1.0066414244e+01 -1.9331521882e+01 
8.9090000000e+01 -1.2528070836e-01 8.0580551618e-01 1.5474673097e+00 8.0580551618e-01 -5.1829410801e+00 -9.9533097359e+00 1.5474673097e+00 -9.9533097359e+00 -1.9114316209e+01 
9.0091000000e+01 -1.2388871594e-01 7.9685222094e-01 1.5302734193e+00 7.9685222094e-01 -5.1253534851e+00 -9.8427186330e+00 1.5302734193e+00 -9.8427186330e+00 -1.8901937275e+01 
9.1092000000e+01 -1.2252731643e-01 7.8809569925e-01 1.5134574125e+00 7.8809569925e-01 -5.0690315376e+00 -9.7345580772e+00 1.5134574125e+00 -9.7345580772e+00 -1.8694225959e+01 
9.2093000000e+01 -1.2119551223e-01 7.7952953467e-01 1.4970069671e+00 7.7952953467e-01 -5.0139339670e+00 -9.6287488123e+00 1.4970069671e+00 -9.6287488123e+00 -1.8491030057e+01 
9.3094000000e+01 -1.1989234868e-01 7.7114758670e-01 1.4809102909e+00 7.7114758670e-01 -4.9600212777e+00 -9.5252149910e+00 1.4809102909e+00 -9.5252149910e+00 -1.8292203913e+01 
9.4095000000e+01 -1.1861691172e-01 7.6294397616e-01 1.4651560935e+00 7.6294397616e-01 -4.9072556546e+00 -9.4238839935e+00 1.4651560935e+00 -9.4238839935e+00 -1.8097608067e+01 
9.5096000000e+01 -1.1736832578e-01 7.5491307139e-01 1.4497335600e+00 7.5491307139e-01 -4.8556008752e+00 -9.3246862578e+00 1.4497335600e+00 -9.3246862578e+00 -1.7907108933e+01 
9.6097000000e+01 -1.1614575177e-01 7.4704947539e-01 1.4346323259e+00 7.4704947539e-01 -4.8050222257e+00 -9.2275551200e+00 1.4346323259e+00 -9.2275551200e+00 -1.7720578489e+01 
9.7098000000e+01 -1.1494838522e-01 7.3934801372e-01 1.4198424542e+00 7.3934801372e-01 -4.7554864243e+00 -9.1324266655e+00 1.4198424542e+00 -9.1324266655e+00 -1.7537893994e+01 
9.8099000000e+01 -1.1377545447e-01 7.3180372314e-01 1.4053544136e+00 7.3180372314e-01 -4.7069615473e+00 -9.0392395883e+00 1.4053544136e+00 -9.0392395883e+00 -1.7358937717e+01 
9.9100000000e+01 -1.1262621905e-01 7.2441184093e-01 1.3911590577e+00 7.2441184093e-01 -4.6594169609e+00 -8.9479350592e+00 1.3911590577e+00 -8.9479350592e+00 -1.7183596681e+01 
1.0010100000e+02 -1.1149996811e-01 7.1716779489e-01 1.3772476061e+00 7.1716779489e-01 -4.6128232567e+00 -8.8584566025e+00 1.3772476061e+00 -8.8584566025e+00 -1.7011762431e+01 
1.0110200000e+02 -1.1039601895e-01 7.1006719389e-01 1.3636116261e+00 7.1006719389e-01 -4.5671521911e+00 -8.7707499789e+00 1.3636116261e+00 -8.7707499789e+00 -1.6843330805e+01 
1.0210300000e+02 -1.0931371564e-01 7.0310581899e-01 1.3502430156e+00 7.0310581899e-01 -4.5223766278e+00 -8.6847630762e+00 1.3502430156e+00 -8.6847630762e+00 -1.6678201728e+01 
1.0310400000e+02 -1.0825242772e-01 6.9627961511e-01 1.3371339872e+00 6.9627961511e-01 -4.4784704844e+00 -8.6004458059e+00 1.3371339872e+00 -8.6004458059e+00 -1.6516279010e+01 
1.0410500000e+02 -1.0721154899e-01 6.8958468312e-01 1.3242770532e+00 6.8958468312e-01 -4.4354086818e+00 -8.5177500059e+00 1.3242770532e+00 -8.5177500059e+00 -1.6357470161e+01 
1.0510600000e+02 -1.0619049634e-01 6.8301727243e-01 1.3116650107e+00 6.8301727243e-01 -4.3931670963e+00 -8.4366293491e+00 1.3116650107e+00 -8.4366293491e+00 -1.6201686213e+01 
1.0610700000e+02 -1.0518870864e-01 6.7657377399e-01 1.2992909292e+00 6.7657377399e-01 -4.3517225143e+00 -8.3570392563e+00 1.2992909292e+00 -8.3570392563e+00 -1.6048841557e+01 
1.0710800000e+02 -1.0420564578e-01 6.7025071364e-01 1.2871481366e+00 6.7025071364e-01 -4.3110525901e+00 -8.2789368149e+00 1.2871481366e+00 -8.2789368149e+00 -1.5898853784e+01 
1.0810900000e+02 -1.0324078761e-01 6.6404474592e-01 1.2752302086e+00 6.6404474592e-01 -4.2711358057e+00 -8.2022807016e+00 1.2752302086e+00 -8.2022807016e+00 -1.5751643536e+01 
1.0911000000e+02 -1.0229363310e-01 6.5795264812e-01 1.2635309561e+00 6.5795264812e-01 -4.2319514327e+00 -8.1270311096e+00 1.2635309561e+00 -8.1270311096e+00 -1.5607134370e+01 
1.1011100000e+02 -1.0136369943e-01 6.5197131473e-01 1.2520444154e+00 6.5197131473e-01 -4.1934794964e+00 -8.0531496796e+00 1.2520444154e+00 -8.0531496796e+00 -1.5465252618e+01 
1.1111200000e+02 -1.0045052117e-01 6.4609775215e-01 1.2407648375e+00 6.4609775215e-01 -4.1557007418e+00 -7.9805994345e+00 1.2407648375e+00 -7.9805994345e+00 -1.5325927272e+01 
1.1211300000e+02 -9.9553649514e-02 6.4032907367e-01 1.2296866788e+00 6.4032907367e-01 -4.1185966019e+00 -7.9093447180e+00 1.2296866788e+00 -7.9093447180e+00 -1.5189089856e+01 
1.1311400000e+02 -9.8672651554e-02 6.3466249480e-01 1.2188045920e+00 6.3466249480e-01 -4.0821491665e+00 -7.8393511357e+00 1.2188045920e+00 -7.8393511357e+00 -1.5054674320e+01 
1.1411500000e+02 -9.7807109564e-02 6.2909532872e-01 1.2081134173e+00 6.2909532872e-01 -4.0463411543e+00 -7.7705855003e+00 1.2081134173e+00 -7.7705855003e+00 -1.4922616931e+01 
1.1511600000e+02 -9.6956620347e-02 6.2362498207e-01 1.1976081745e+00 6.2362498207e-01 -4.0111558847e+00 -7.7030157786e+00 1.1976081745e+00 -7.7030157786e+00 -1.4792856172e+01 
1.1611700000e+02 -9.6120794612e-02 6.1824895094e-01 1.1872840550e+00 6.1824895094e-01 -3.9765772525e+00 -7.6366110420e+00 1.1872840550e+00 -7.6366110420e+00 -1.4665332648e+01 
1.1711800000e+02 -9.5299256373e-02 6.1296481699e-01 1.1771364147e+00 6.1296481699e-01 -3.9425897029e+00 -7.5713414195e+00 1.1771364147e+00 -7.5713414195e+00 -1.4539988995e+01 
1.1811900000e+02 -9.4491642394e-02 6.0777024388e-01 1.1671607668e+00 6.0777024388e-01 -3.9091782086e+00 -7.5071780524e+00 1.1671607668e+00 -7.5071780524e+00 -1.4416769792e+01 
1.1912000000e+02 -9.3697601645e-02 6.0266297378e-01 1.1573527755e+00 6.0266297378e-01 -3.8763282473e+00 -7.4440930521e+00 1.1573527755e+00 -7.4440930521e+00 -1.4295621483e+01 
1.2012100000e+02 -9.2916794798e-02 5.9764082414e-01 1.1477082493e+00 5.9764082414e-01 -3.8440257809e+00 -7.3820594598e+00 1.1477082493e+00 -7.3820594598e+00 -1.4176492296e+01 
1.2112200000e+02 -9.2148893743e-02 5.9270168455e-01 1.1382231355e+00 5.9270168455e-01 -3.8122572351e+00 -7.3210512076e+00 1.1382231355e+00 -7.3210512076e+00 -1.4059332170e+01 
1.2212300000e+02 -9.1393581127e-02 5.8784351381e-01 1.1288935141e+00 5.8784351381e-01 -3.7810094808e+00 -7.2610430825e+00 1.1288935141e+00 -7.2610430825e+00 -1.3944092686e+01 
1.2312400000e+02 -9.0650549916e-02 5.8306433706e-01 1.1197155926e+00 5.8306433706e-01 -3.7502698160e+00 -7.2020106914e+00 1.1197155926e+00 -7.2020106914e+00 -1.3830726999e+01 
1.2412500000e+02 -8.9919502984e-02 5.7836224319e-01 1.1106857009e+00 5.7836224319e-01 -3.7200259482e+00 -7.1439304279e+00 1.1106857009e+00 -7.1439304279e+00 -1.3719189777e+01 
1.2512600000e+02 -8.9200152709e-02 5.7373538223e-01 1.1018002863e+00 5.7373538223e-01 -3.6902659785e+00 -7.0867794413e+00 1.1018002863e+00 -7.0867794413e+00 -1.3609437136e+01 
1.2612700000e+02 -8.8492220602e-02 5.6918196291e-01 1.0930559089e+00 5.6918196291e-01 -3.6609783855e+00 -7.0305356059e+00 1.0930559089e+00 -7.0305356059e+00 -1.3501426586e+01 
1.2712800000e+02 -8.7795436945e-02 5.6470025043e-01 1.0844492371e+00 5.6470025043e-01 -3.6321520108e+00 -6.9751774933e+00 1.0844492371e+00 -6.9751774933e+00 -1.3395116977e+01 
1.2812900000e+02 -8.7109540447e-02 5.6028856415e-01 1.0759770436e+00 5.6028856415e-01 -3.6037760446e+00 -6.9206843444e+00 1.0759770436e+00 -6.9206843444e+00 -1.3290468443e+01 
1.2913000000e+02 -8.6434277921e-02 5.5594527559e-01 1.0676362009e+00 5.5594527559e-01 -3.5758400126e+00 -6.8670360440e+00 1.0676362009e+00 -6.8670360440e+00 -1.3187442353e+01 
1.3013100000e+02 -8.5769403969e-02 5.5166880633e-01 1.0594236778e+00 5.5166880633e-01 -3.5483337623e+00 -6.8142130958e+00 1.0594236778e+00 -6.8142130958e+00 -1.3086001269e+01 
1.3113200000e+02 -8.5114680688e-02 5.4745762618e-01 1.0513365359e+00 5.4745762618e-01 -3.5212474516e+00 -6.7621965986e+00 1.0513365359e+00 -6.7621965986e+00 -1.2986108891e+01 
1.3213300000e+02 -8.4469877381e-02 5.4331025131e-01 1.0433719254e+00 5.4331025131e-01 -3.4945715364e+00 -6.7109682242e+00 1.0433719254e+00 -6.7109682242e+00 -1.2887730023e+01 
1.3313400000e+02 -8.3834770291e-02 5.3922524251e-01 1.0355270826e+00 5.3922524251e-01 -3.4682967598e+00 -6.6605101955e+00 1.0355270826e+00 -6.6605101955e+00 -1.2790830525e+01 
1.3413500000e+02 -8.3209142341e-02 5.3520120354e-01 1.0277993262e+00 5.3520120354e-01 -3.4424141412e+00 -6.6108052661e+00 1.0277993262e+00 -6.6108052661e+00 -1.2695377277e+01 
1.3513600000e+02 -8.2592782885e-02 5.3123677951e-01 1.0201860542e+00 5.3123677951e-01 -3.4169149658e+00 -6.5618367006e+00 1.0201860542e+00 -6.5618367006e+00 -1.2601338141e+01 
1.3613700000e+02 -8.1985487472e-02 5.2733065542e-01 1.0126847412e+00 5.2733065542e-01 -3.3917907756e+00 -6.5135882557e+00 1.0126847412e+00 -6.5135882557e+00 -1.2508681924e+01 
1.3713800000e+02 -8.1387057620e-02 5.2348155461e-01 1.0052929357e+00 5.2348155461e-01 -3.3670333593e+00 -6.4660441626e+00 1.0052929357e+00 -6.4660441626e+00 -1.2417378342e+01 
1.3813900000e+02 -8.0797300602e-02 5.1968823747e-01 9.9800825704e-01 5.1968823747e-01 -3.3426347434e+00 -6.4191891093e+00 9.9800825704e-01 -6.4191891093e+00 -1.2327397991e+01 
1.3914000000e+02 -8.0216029236e-02 5.1594950005e-01 9.9082839313e-01 5.1594950005e-01 -3.3185871843e+00 -6.3730082246e+00 9.9082839313e-01 -6.3730082246e+00 -1.2238712312e+01 
1.4014100000e+02 -7.9643061687e-02 5.1226417277e-01 9.8375109796e-01 5.1226417277e-01 -3.2948831593e+00 -6.3274870621e+00 9.8375109796e-01 -6.3274870621e+00 -1.2151293562e+01 
1.4114200000e+02 -7.9078221280e-02 5.0863111927e-01 9.7677418925e-01 5.0863111927e-01 -3.2715153592e+00 -6.2826115853e+00 9.7677418925e-01 -6.2826115853e+00 -1.2065114786e+01 
1.4214300000e+02 -7.8521336316e-02 5.0504923518e-01 9.6989554617e-01 5.0504923518e-01 -3.2484766807e+00 -6.2383681530e+00 9.6989554617e-01 -6.2383681530e+00 -1.1980149786e+01 
1.4314400000e+02 -7.7972239898e-02 5.0151744702e-01 9.6311310722e-01 5.0151744702e-01 -3.2257602192e+00 -6.1947435056e+00 9.6311310722e-01 -6.1947435056e+00 -1.1896373100e+01 
1.4414500000e+02 -7.7430769766e-02 4.9803471113e-01 9.5642486815e-01 4.9803471113e-01 -3.2033592620e+00 -6.1517247519e+00 9.5642486815e-01 -6.1517247519e+00 -1.1813759971e+01 
1.4514600000e+02 -7.6896768136e-02 4.9460001265e-01 9.4982888002e-01 4.9460001265e-01 -3.1812672814e+00 -6.1092993563e+00 9.4982888002e-01 -6.1092993563e+00 -1.1732286326e+01 
1.4614700000e+02 -7.6370081547e-02 4.9121236451e-01 9.4332324727e-01 4.9121236451e-01 -3.1594779285e+00 -6.0674551265e+00 9.4332324727e-01 -6.0674551265e+00 -1.1651928750e+01 
1.4714800000e+02 -7.5850560714e-02 4.8787080651e-01 9.3690612594e-01 4.8787080651e-01 -3.1379850275e+00 -6.0261802020e+00 9.3690612594e-01 -6.0261802020e+00 -1.1572664468e+01 
1.4814900000e+02 -7.5338060385e-02 4.8457440439e-01 9.3057572187e-01 4.8457440439e-01 -3.1167825691e+00 -5.9854630431e+00 9.3057572187e-01 -5.9854630431e+00 -1.1494471317e+01 
1.4915000000e+02 -7.4832439208e-02 4.8132224899e-01 9.2433028910e-01 4.8132224899e-01 -3.0958647055e+00 -5.9452924195e+00 9.2433028910e-01 -5.9452924195e+00 -1.1417327731e+01 
1.5015100000e+02 -7.4333559603e-02 4.7811345537e-01 9.1816812821e-01 4.7811345537e-01 -3.0752257449e+00 -5.9056574007e+00 9.1816812821e-01 -5.9056574007e+00 -1.1341212720e+01 
1.5115200000e+02 -7.3841287630e-02 4.7494716204e-01 9.1208758481e-01 4.7494716204e-01 -3.0548601462e+00 -5.8665473455e+00 9.1208758481e-01 -5.8665473455e+00 -1.1266105848e+01 
1.5215300000e+02 -7.3355492878e-02 4.7182253019e-01 9.0608704803e-01 4.7182253019e-01 -3.0347625142e+00 -5.8279518930e+00 9.0608704803e-01 -5.8279518930e+00 -1.1191987217e+01 
1.5315400000e+02 -7.2876048343e-02 4.6873874294e-01 9.0016494913e-01 4.6873874294e-01 -3.0149275946e+00 -5.7898609528e+00 9.0016494913e-01 -5.7898609528e+00 -1.1118837452e+01 
1.5415500000e+02 -7.2402830320e-02 4.6569500462e-01 8.9431976011e-01 4.6569500462e-01 -2.9953502697e+00 -5.7522646970e+00 8.9431976011e-01 -5.7522646970e+00 -1.1046637677e+01 
1.5515600000e+02 -7.1935718296e-02 4.6269054008e-01 8.8854999239e-01 4.6269054008e-01 -2.9760255538e+00 -5.7151535511e+00 8.8854999239e-01 -5.7151535511e+00 -1.0975369506e+01 
1.5615700000e+02 -7.1474594850e-02 4.5972459407e-01 8.8285419558e-01 4.5972459407e-01 -2.9569485891e+00 -5.6785181860e+00 8.8285419558e-01 -5.6785181860e+00 -1.0905015024e+01 
1.5715800000e+02 -7.1019345550e-02 4.5679643058e-01 8.7723095623e-01 4.5679643058e-01 -2.9381146415e+00 -5.6423495105e+00 8.7723095623e-01 -5.6423495105e+00 -1.0835556771e+01 
1.5815900000e+02 -7.0569858863e-02 4.5390533221e-01 8.7167889668e-01 4.5390533221e-01 -2.9195190968e+00 -5.6066386634e+00 8.7167889668e-01 -5.6066386634e+00 -1.0766977732e+01 
1.5916000000e+02 -7.0126026061e-02 4.5105059963e-01 8.6619667391e-01 4.5105059963e-01 -2.9011574568e+00 -5.5713770066e+00 8.6619667391e-01 -5.5713770066e+00 -1.0699261316e+01 
1.6016100000e+02 -6.9687741135e-02 4.4823155098e-01 8.6078297850e-01 4.4823155098e-01 -2.8830253359e+00 -5.5365561177e+00 8.6078297850e-01 -5.5365561177e+00 -1.0632391350e+01 
1.6116200000e+02 -6.9254900708e-02 4.4544752135e-01 8.5543653355e-01 4.4544752135e-01 -2.8651184574e+00 -5.5021677838e+00 8.5543653355e-01 -5.5021677838e+00 -1.0566352062e+01 
1.6216300000e+02 -6.8827403957e-02 4.4269786225e-01 8.5015609368e-01 4.4269786225e-01 -2.8474326500e+00 -5.4682039945e+00 8.5015609368e-01 -5.4682039945e+00 -1.0501128069e+01 
1.6316400000e+02 -6.8405152533e-02 4.3998194109e-01 8.4494044409e-01 4.3998194109e-01 -2.8299638451e+00 -5.4346569364e+00 8.4494044409e-01 -5.4346569364e+00 -1.0436704365e+01 
1.6416500000e+02 -6.7988050485e-02 4.3729914072e-01 8.3978839959e-01 4.3729914072e-01 -2.8127080731e+00 -5.4015189862e+00 8.3978839959e-01 -5.4015189862e+00 -1.0373066312e+01 
1.6516600000e+02 -6.7576004189e-02 4.3464885895e-01 8.3469880375e-01 4.3464885895e-01 -2.7956614607e+00 -5.3687827057e+00 8.3469880375e-01 -5.3687827057e+00 -1.0310199624e+01 
1.6616700000e+02 -6.7168922276e-02 4.3203050808e-01 8.2967052796e-01 4.3203050808e-01 -2.7788202280e+00 -5.3364408358e+00 8.2967052796e-01 -5.3364408358e+00 -1.0248090361e+01 
1.6716800000e+02 -6.6766715567e-02 4.2944351453e-01 8.2470247068e-01 4.2944351453e-01 -2.7621806854e+00 -5.3044862914e+00 8.2470247068e-01 -5.3044862914e+00 -1.0186724918e+01 
1.6816900000e+02 -6.6369297004e-02 4.2688731833e-01 8.1979355660e-01 4.2688731833e-01 -2.7457392315e+00 -5.2729121560e+00 8.1979355660e-01 -5.2729121560e+00 -1.0126090011e+01 
1.6917000000e+02 -6.5976581592e-02 4.2436137280e-01 8.1494273582e-01 4.2436137280e-01 -2.7294923498e+00 -5.2417116768e+00 8.1494273582e-01 -5.2417116768e+00 -1.0066172673e+01 
1.7017100000e+02 -6.5588486334e-02 4.2186514410e-01 8.1014898320e-01 4.2186514410e-01 -2.7134366068e+00 -5.2108782599e+00 8.1014898320e-01 -5.2108782599e+00 -1.0006960240e+01 
1.7117200000e+02 -6.5204930175e-02 4.1939811089e-01 8.0541129752e-01 4.1939811089e-01 -2.6975686492e+00 -5.1804054657e+00 8.0541129752e-01 -5.1804054657e+00 -9.9484403470e+00 
1.7217300000e+02 -6.4825833946e-02 4.1695976394e-01 8.0072870090e-01 4.1695976394e-01 -2.6818852017e+00 -5.1502870042e+00 8.0072870090e-01 -5.1502870042e+00 -9.8906009135e+00 
1.7317400000e+02 -6.4451120306e-02 4.1454960581e-01 7.9610023802e-01 4.1454960581e-01 -2.6663830646e+00 -5.1205167310e+00 7.9610023802e-01 -5.1205167310e+00 -9.8334301401e+00 
1.7417500000e+02 -6.4080713696e-02 4.1216715049e-01 7.9152497557e-01 4.1216715049e-01 -2.6510591119e+00 -5.0910886428e+00 7.9152497557e-01 -5.0910886428e+00 -9.7769164982e+00 
1.7517600000e+02 -6.3714540279e-02 4.0981192307e-01 7.8700200153e-01 4.0981192307e-01 -2.6359102892e+00 -5.0619968738e+00 7.8700200153e-01 -5.0619968738e+00 -9.7210487229e+00 
1.7617700000e+02 -6.3352527900e-02 4.0748345946e-01 7.8253042463e-01 4.0748345946e-01 -2.6209336112e+00 -5.0332356912e+00 7.8253042463e-01 -5.0332356912e+00 -9.6658158050e+00 
1.7717800000e+02 -6.2994606034e-02 4.0518130601e-01 7.7810937373e-01 4.0518130601e-01 -2.6061261603e+00 -5.0047994919e+00 7.7810937373e-01 -5.0047994919e+00 -9.6112069844e+00 
1.7817900000e+02 -6.2640705739e-02 4.0290501932e-01 7.7373799729e-01 4.0290501932e-01 -2.5914850842e+00 -4.9766827986e+00 7.7373799729e-01 -4.9766827986e+00 -9.5572117425e+00 
1.7918000000e+02 -6.2290759616e-02 4.0065416585e-01 7.6941546277e-01 4.0065416585e-01 -2.5770075947e+00 -4.9488802565e+00 7.6941546277e-01 -4.9488802565e+00 -9.5038197962e+00 
1.8018100000e+02 -6.1944701761e-02 3.9842832172e-01 7.6514095615e-01 3.9842832172e-01 -2.5626909653e+00 -4.9213866299e+00 7.6514095615e-01 -4.9213866299e+00 -9.4510210903e+00 
1.8118200000e+02 -6.1602467728e-02 3.9622707243e-01 7.6091368138e-01 3.9622707243e-01 -2.5485325299e+00 -4.8941967986e+00 7.6091368138e-01 -4.8941967986e+00 -9.3988057924e+00 
1.8218300000e+02 -6.1263994489e-02 3.9405001255e-01 7.5673285992e-01 3.9405001255e-01 -2.5345296807e+00 -4.8673057550e+00 7.5673285992e-01 -4.8673057550e+00 -9.3471642858e+00 
1.8318400000e+02 -6.0929220390e-02 3.9189674555e-01 7.5259773026e-01 3.9189674555e-01 -2.5206798674e+00 -4.8407086010e+00 7.5259773026e-01 -4.8407086010e+00 -9.2960871641e+00 
1.8418500000e+02 -6.0598085120e-02 3.8976688350e-01 7.4850754741e-01 3.8976688350e-01 -2.5069805946e+00 -4.8144005449e+00 7.4850754741e-01 -4.8144005449e+00 -9.2455652256e+00 
1.8518600000e+02 -6.0270529672e-02 3.8766004685e-01 7.4446158251e-01 3.8766004685e-01 -2.4934294214e+00 -4.7883768987e+00 7.4446158251e-01 -4.7883768987e+00 -9.1955894672e+00 
1.8618700000e+02 -5.9946496307e-02 3.8557586425e-01 7.4045912238e-01 3.8557586425e-01 -2.4800239588e+00 -4.7626330752e+00 7.4045912238e-01 -4.7626330752e+00 -9.1461510797e+00 
1.8718800000e+02 -5.9625928521e-02 3.8351397224e-01 7.3649946909e-01 3.8351397224e-01 -2.4667618695e+00 -4.7371645852e+00 7.3649946909e-01 -4.7371645852e+00 -9.0972414422e+00 
1.8818900000e+02 -5.9308771012e-02 3.8147401515e-01 7.3258193954e-01 3.8147401515e-01 -2.4536408654e+00 -4.7119670351e+00 7.3258193954e-01 -4.7119670351e+00 -9.0488521172e+00 
1.8919000000e+02 -5.8994969649e-02 3.7945564478e-01 7.2870586511e-01 3.7945564478e-01 -2.4406587072e+00 -4.6870361244e+00 7.2870586511e-01 -4.6870361244e+00 -9.0009748458e+00 
1.9019100000e+02 -5.8684471441e-02 3.7745852031e-01 7.2487059124e-01 3.7745852031e-01 -2.4278132026e+00 -4.6623676429e+00 7.2487059124e-01 -4.6623676429e+00 -8.9536015431e+00 
1.9119200000e+02 -5.8377224507e-02 3.7548230803e-01 7.2107547711e-01 3.7548230803e-01 -2.4151022052e+00 -4.6379574688e+00 7.2107547711e-01 -4.6379574688e+00 -8.9067242932e+00 
1.9219300000e+02 -5.8073178045e-02 3.7352668118e-01 7.1731989521e-01 3.7352668118e-01 -2.4025236134e+00 -4.6138015660e+00 7.1731989521e-01 -4.6138015660e+00 -8.8603353456e+00 
1.9319400000e+02 -5.7772282306e-02 3.7159131980e-01 7.1360323105e-01 3.7159131980e-01 -2.3900753689e+00 -4.5898959821e+00 7.1360323105e-01 -4.5898959821e+00 -8.8144271099e+00 
1.9419500000e+02 -5.7474488570e-02 3.6967591048e-01 7.0992488282e-01 3.6967591048e-01 -2.3777554562e+00 -4.5662368463e+00 7.0992488282e-01 -4.5662368463e+00 -8.7689921526e+00 
1.9519600000e+02 -5.7179749113e-02 3.6778014630e-01 7.0628426105e-01 3.6778014630e-01 -2.3655619010e+00 -4.5428203671e+00 7.0628426105e-01 -4.5428203671e+00 -8.7240231925e+00 
1.9619700000e+02 -5.6888017186e-02 3.6590372654e-01 7.0268078829e-01 3.6590372654e-01 -2.3534927691e+00 -4.5196428303e+00 7.0268078829e-01 -4.5196428303e+00 -8.6795130969e+00 
1.9719800000e+02 -5.6599246990e-02 3.6404635664e-01 6.9911389882e-01 3.6404635664e-01 -2.3415461659e+00 -4.4967005972e+00 6.9911389882e-01 -4.4967005972e+00 -8.6354548782e+00 
1.9819900000e+02 -5.6313393649e-02 3.6220774795e-01 6.9558303836e-01 3.6220774795e-01 -2.3297202348e+00 -4.4739901027e+00 6.9558303836e-01 -4.4739901027e+00 -8.5918416898e+00 
1.9920000000e+02 -5.6030413192e-02 3.6038761765e-01 6.9208766375e-01 3.6038761765e-01 -2.3180131567e+00 -4.4515078533e+00 6.9208766375e-01 -4.4515078533e+00 -8.5486668227e+00 
2.0020100000e+02 -5.5750262526e-02 3.5858568857e-01 6.8862724272e-01 3.5858568857e-01 -2.3064231489e+00 -4.4292504252e+00 6.8862724272e-01 -4.4292504252e+00 -8.5059237021e+00 
2.0120200000e+02 -5.5472899414e-02 3.5680168903e-01 6.8520125356e-01 3.5680168903e-01 -2.2949484639e+00 -4.4072144629e+00 6.8520125356e-01 -4.4072144629e+00 -8.4636058840e+00 
2.0220300000e+02 -5.5198282458e-02 3.5503535277e-01 6.8180918493e-01 3.5503535277e-01 -2.2835873890e+00 -4.3853966774e+00 6.8180918493e-01 -4.3853966774e+00 -8.4217070522e+00 
2.0320400000e+02 -5.4926371075e-02 3.5328641875e-01 6.7845053552e-01 3.5328641875e-01 -2.2723382454e+00 -4.3637938445e+00 6.7845053552e-01 -4.3637938445e+00 -8.3802210147e+00 
2.0420500000e+02 -5.4657125476e-02 3.5155463106e-01 6.7512481389e-01 3.5155463106e-01 -2.2611993870e+00 -4.3424028029e+00 6.7512481389e-01 -4.3424028029e+00 -8.3391417011e+00 
2.0520600000e+02 -5.4390506651e-02 3.4983973878e-01 6.7183153816e-01 3.4983973878e-01 -2.2501691998e+00 -4.3212204534e+00 6.7183153816e-01 -4.3212204534e+00 -8.2984631593e+00 
2.0620700000e+02 -5.4126476346e-02 3.4814149586e-01 6.6857023583e-01 3.4814149586e-01 -2.2392461014e+00 -4.3002437568e+00 6.6857023583e-01 -4.3002437568e+00 -8.2581795529e+00 
2.0720800000e+02 -5.3864997046e-02 3.4645966100e-01 6.6534044351e-01 3.4645966100e-01 -2.2284285396e+00 -4.2794697327e+00 6.6534044351e-01 -4.2794697327e+00 -8.2182851583e+00 
2.0820900000e+02 -5.3606031958e-02 3.4479399755e-01 6.6214170674e-01 3.4479399755e-01 -2.2177149923e+00 -4.2588954578e+00 6.6214170674e-01 -4.2588954578e+00 -8.1787743617e+00 
2.0921000000e+02 -5.3349544993e-02 3.4314427339e-01 6.5897357975e-01 3.4314427339e-01 -2.2071039665e+00 -4.2385180649e+00 6.5897357975e-01 -4.2385180649e+00 -8.1396416571e+00 
2.1021100000e+02 -5.3095500749e-02 3.4151026082e-01 6.5583562525e-01 3.4151026082e-01 -2.1965939976e+00 -4.2183347416e+00 6.5583562525e-01 -4.2183347416e+00 -8.1008816431e+00 
2.1121200000e+02 -5.2843864496e-02 3.3989173644e-01 6.5272741425e-01 3.3989173644e-01 -2.1861836488e+00 -4.1983427285e+00 6.5272741425e-01 -4.1983427285e+00 -8.0624890209e+00 
2.1221300000e+02 -5.2594602159e-02 3.3828848109e-01 6.4964852587e-01 3.3828848109e-01 -2.1758715103e+00 -4.1785393184e+00 6.4964852587e-01 -4.1785393184e+00 -8.0244585915e+00 
2.1321400000e+02 -5.2347680302e-02 3.3670027970e-01 6.4659854709e-01 3.3670027970e-01 -2.1656561990e+00 -4.1589218549e+00 6.4659854709e-01 -4.1589218549e+00 -7.9867852537e+00 
2.1421500000e+02 -5.2103066115e-02 3.3512692125e-01 6.4357707266e-01 3.3512692125e-01 -2.1555363575e+00 -4.1394877313e+00 6.4357707266e-01 -4.1394877313e+00 -7.9494640015e+00 
2.1521600000e+02 -5.1860727399e-02 3.3356819863e-01 6.4058370483e-01 3.3356819863e-01 -2.1455106536e+00 -4.1202343895e+00 6.4058370483e-01 -4.1202343895e+00 -7.9124899221e+00 
2.1621700000e+02 -5.1620632549e-02 3.3202390856e-01 6.3761805325e-01 3.3202390856e-01 -2.1355777798e+00 -4.1011593185e+00 6.3761805325e-01 -4.1011593185e+00 -7.8758581937e+00 
2.1721800000e+02 -5.1382750545e-02 3.3049385151e-01 6.3467973473e-01 3.3049385151e-01 -2.1257364529e+00 -4.0822600538e+00 6.3467973473e-01 -4.0822600538e+00 -7.8395640834e+00 
2.1821900000e+02 -5.1147050935e-02 3.2897783161e-01 6.3176837315e-01 3.2897783161e-01 -2.1159854129e+00 -4.0635341761e+00 6.3176837315e-01 -4.0635341761e+00 -7.8036029451e+00 
2.1922000000e+02 -5.0913503822e-02 3.2747565658e-01 6.2888359921e-01 3.2747565658e-01 -2.1063234232e+00 -4.0449793101e+00 6.2888359921e-01 -4.0449793101e+00 -7.7679702175e+00 
2.2022100000e+02 -5.0682079856e-02 3.2598713763e-01 6.2602505038e-01 3.2598713763e-01 -2.0967492693e+00 -4.0265931240e+00 6.2602505038e-01 -4.0265931240e+00 -7.7326614223e+00 
2.2122200000e+02 -5.0452750214e-02 3.2451208938e-01 6.2319237065e-01 3.2451208938e-01 -2.0872617589e+00 -4.0083733280e+00 6.2319237065e-01 -4.0083733280e+00 -7.6976721622e+00 
2.2222300000e+02 -5.0225486596e-02 3.2305032979e-01 6.2038521044e-01 3.2305032979e-01 -2.0778597212e+00 -3.9903176735e+00 6.2038521044e-01 -3.9903176735e+00 -7.6629981193e+00 
2.2322400000e+02 -5.0000261208e-02 3.2160168009e-01 6.1760322644e-01 3.2160168009e-01 -2.0685420063e+00 -3.9724239525e+00 6.1760322644e-01 -3.9724239525e+00 -7.6286350530e+00 
2.2422500000e+02 -4.9777046752e-02 3.2016596471e-01 6.1484608148e-01 3.2016596471e-01 -2.0593074850e+00 -3.9546899961e+00 6.1484608148e-01 -3.9546899961e+00 -7.5945787984e+00 
2.2522600000e+02 -4.9555816415e-02 3.1874301118e-01 6.1211344436e-01 3.1874301118e-01 -2.0501550479e+00 -3.9371136741e+00 6.1211344436e-01 -3.9371136741e+00 -7.5608252647e+00 
2.2622700000e+02 -4.9336543860e-02 3.1733265011e-01 6.0940498976e-01 3.1733265011e-01 -2.0410836055e+00 -3.9196928942e+00 6.0940498976e-01 -3.9196928942e+00 -7.5273704336e+00 
2.2722800000e+02 -4.9119203214e-02 3.1593471507e-01 6.0672039810e-01 3.1593471507e-01 -2.0320920873e+00 -3.9024256006e+00 6.0672039810e-01 -3.9024256006e+00 -7.4942103573e+00 
2.2822900000e+02 -4.8903769056e-02 3.1454904257e-01 6.0405935538e-01 3.1454904257e-01 -2.0231794418e+00 -3.8853097738e+00 6.0405935538e-01 -3.8853097738e+00 -7.4613411577e+00 
2.2923000000e+02 -4.8690216411e-02 3.1317547196e-01 6.0142155311e-01 3.1317547196e-01 -2.0143446356e+00 -3.8683434296e+00 6.0142155311e-01 -3.8683434296e+00 -7.4287590240e+00 
2.3023100000e+02 -4.8478520738e-02 3.1181384538e-01 5.9880668815e-01 3.1181384538e-01 -2.0055866535e+00 -3.8515246182e+00 5.9880668815e-01 -3.8515246182e+00 -7.3964602120e+00 
2.3123200000e+02 -4.8268657919e-02 3.1046400773e-01 5.9621446262e-01 3.1046400773e-01 -1.9969044978e+00 -3.8348514235e+00 5.9621446262e-01 -3.8348514235e+00 -7.3644410422e+00 
2.3223300000e+02 -4.8060604255e-02 3.0912580657e-01 5.9364458376e-01 3.0912580657e-01 -1.9882971878e+00 -3.8183219627e+00 5.9364458376e-01 -3.8183219627e+00 -7.3326978986e+00 
2.3323400000e+02 -4.7854336451e-02 3.0779909206e-01 5.9109676385e-01 3.0779909206e-01 -1.9797637601e+00 -3.8019343851e+00 5.9109676385e-01 -3.8019343851e+00 -7.3012272271e+00 
2.3423500000e+02 -4.7649831613e-02 3.0648371694e-01 5.8857072009e-01 3.0648371694e-01 -1.9713032673e+00 -3.7856868716e+00 5.8857072009e-01 -3.7856868716e+00 -7.2700255345e+00 
2.3523600000e+02 -4.7447067234e-02 3.0517953645e-01 5.8606617448e-01 3.0517953645e-01 -1.9629147785e+00 -3.7695776342e+00 5.8606617448e-01 -3.7695776342e+00 -7.2390893871e+00 
2.3623700000e+02 -4.7246021190e-02 3.0388640830e-01 5.8358285374e-01 3.0388640830e-01 -1.9545973782e+00 -3.7536049153e+00 5.8358285374e-01 -3.7536049153e+00 -7.2084154094e+00 
2.3723800000e+02 -4.7046671730e-02 3.0260419257e-01 5.8112048921e-01 3.0260419257e-01 -1.9463501666e+00 -3.7377669866e+00 5.8112048921e-01 -3.7377669866e+00 -7.1780002827e+00 
2.3823900000e+02 -4.6848997469e-02 3.0133275172e-01 5.7867881673e-01 3.0133275172e-01 -1.9381722590e+00 -3.7220621492e+00 5.7867881673e-01 -3.7220621492e+00 -7.1478407443e+00 
2.3924000000e+02 -4.6652977378e-02 3.0007195050e-01 5.7625757657e-01 3.0007195050e-01 -1.9300627856e+00 -3.7064887325e+00 5.7625757657e-01 -3.7064887325e+00 -7.1179335858e+00 
2.4024100000e+02 -4.6458590781e-02 2.9882165591e-01 5.7385651333e-01 2.9882165591e-01 -1.9220208908e+00 -3.6910450938e+00 5.7385651333e-01 -3.6910450938e+00 -7.0882756527e+00 
2.4124200000e+02 -4.6265817345e-02 2.9758173716e-01 5.7147537584e-01 2.9758173716e-01 -1.9140457334e+00 -3.6757296174e+00 5.7147537584e-01 -3.6757296174e+00 -7.0588638424e+00 
2.4224300000e+02 -4.6074637071e-02 2.9635206564e-01 5.6911391710e-01 2.9635206564e-01 -1.9061364862e+00 -3.6605407148e+00 5.6911391710e-01 -3.6605407148e+00 -7.0296951040e+00 
2.4324400000e+02 -4.5885030290e-02 2.9513251483e-01 5.6677189415e-01 2.9513251483e-01 -1.8982923354e+00 -3.6454768231e+00 5.6677189415e-01 -3.6454768231e+00 -7.0007664365e+00 
2.4424500000e+02 -4.5696977657e-02 2.9392296029e-01 5.6444906802e-01 2.9392296029e-01 -1.8905124806e+00 -3.6305364055e+00 5.6444906802e-01 -3.6305364055e+00 -6.9720748882e+00 
2.4524600000e+02 -4.5510460142e-02 2.9272327963e-01 5.6214520367e-01 2.9272327963e-01 -1.8827961346e+00 -3.6157179500e+00 5.6214520367e-01 -3.6157179500e+00 -6.9436175557e+00 
2.4624700000e+02 -4.5325459023e-02 2.9153335243e-01 5.5986006985e-01 2.9153335243e-01 -1.8751425228e+00 -3.6010199693e+00 5.5986006985e-01 -3.6010199693e+00 -6.9153915827e+00 
2.4724800000e+02 -4.5141955882e-02 2.9035306023e-01 5.5759343905e-01 2.9035306023e-01 -1.8675508834e+00 -3.5864410000e+00 5.5759343905e-01 -3.5864410000e+00 -6.8873941592e+00 
2.4824900000e+02 -4.4959932600e-02 2.8918228648e-01 5.5534508747e-01 2.8918228648e-01 -1.8600204666e+00 -3.5719796026e+00 5.5534508747e-01 -3.5719796026e+00 -6.8596225204e+00 
2.4925000000e+02 -4.4779371346e-02 2.8802091650e-01 5.5311479486e-01 2.8802091650e-01 -1.8525505349e+00 -3.5576343606e+00 5.5311479486e-01 -3.5576343606e+00 -6.8320739461e+00 
2.5025100000e+02 -4.4600254576e-02 2.8686883743e-01 5.5090234452e-01 2.8686883743e-01 -1.8451403624e+00 -3.5434038800e+00 5.5090234452e-01 -3.5434038800e+00 -6.8047457596e+00 
2.5125200000e+02 -4.4422565026e-02 2.8572593825e-01 5.4870752320e-01 2.8572593825e-01 -1.8377892348e+00 -3.5292867892e+00 5.4870752320e-01 -3.5292867892e+00 -6.7776353266e+00 
2.5225300000e+02 -4.4246285705e-02 2.8459210965e-01 5.4653012103e-01 2.8459210965e-01 -1.8304964493e+00 -3.5152817384e+00 5.4653012103e-01 -3.5152817384e+00 -6.7507400549e+00 
2.5325400000e+02 -4.4071399891e-02 2.8346724410e-01 5.4436993145e-01 2.8346724410e-01 -1.8232613140e+00 -3.5013873991e+00 5.4436993145e-01 -3.5013873991e+00 -6.7240573933e+00 
2.5425500000e+02 -4.3897891125e-02 2.8235123571e-01 5.4222675117e-01 2.8235123571e-01 -1.8160831481e+00 -3.4876024635e+00 5.4222675117e-01 -3.4876024635e+00 -6.6975848305e+00 
2.5525600000e+02 -4.3725743207e-02 2.8124398030e-01 5.4010038009e-01 2.8124398030e-01 -1.8089612813e+00 -3.4739256447e+00 5.4010038009e-01 -3.4739256447e+00 -6.6713198948e+00 
2.5625700000e+02 -4.3554940189e-02 2.8014537529e-01 5.3799062121e-01 2.8014537529e-01 -1.8018950539e+00 -3.4603556756e+00 5.3799062121e-01 -3.4603556756e+00 -6.6452601532e+00 
2.5725800000e+02 -4.3385466372e-02 2.7905531970e-01 5.3589728063e-01 2.7905531970e-01 -1.7948838163e+00 -3.4468913090e+00 5.3589728063e-01 -3.4468913090e+00 -6.6194032103e+00 
2.5825900000e+02 -4.3217306301e-02 2.7797371413e-01 5.3382016743e-01 2.7797371413e-01 -1.7879269293e+00 -3.4335313169e+00 5.3382016743e-01 -3.4335313169e+00 -6.5937467081e+00 
2.5926000000e+02 -4.3050444758e-02 2.7690046068e-01 5.3175909365e-01 2.7690046068e-01 -1.7810237631e+00 -3.4202744903e+00 5.3175909365e-01 -3.4202744903e+00 -6.5682883248e+00 
2.6026100000e+02 -4.2884866760e-02 2.7583546300e-01 5.2971387422e-01 2.7583546300e-01 -1.7741736980e+00 -3.4071196390e+00 5.2971387422e-01 -3.4071196390e+00 -6.5430257744e+00 
2.6126200000e+02 -4.2720557555e-02 2.7477862619e-01 5.2768432692e-01 2.7477862619e-01 -1.7673761237e+00 -3.3940655907e+00 5.2768432692e-01 -3.3940655907e+00 -6.5179568061e+00 
2.6226300000e+02 -4.2557502613e-02 2.7372985681e-01 5.2567027228e-01 2.7372985681e-01 -1.7606304390e+00 -3.3811111913e+00 5.2567027228e-01 -3.3811111913e+00 -6.4930792032e+00 
2.6326400000e+02 -4.2395687629e-02 2.7268906283e-01 5.2367153359e-01 2.7268906283e-01 -1.7539360521e+00 -3.3682553041e+00 5.2367153359e-01 -3.3682553041e+00 -6.4683907829e+00 
2.6426500000e+02 -4.2235098511e-02 2.7165615362e-01 5.2168793680e-01 2.7165615362e-01 -1.7472923801e+00 -3.3554968095e+00 5.2168793680e-01 -3.3554968095e+00 -6.4438893954e+00 
2.6526600000e+02 -4.2075721381e-02 2.7063103992e-01 5.1971931050e-01 2.7063103992e-01 -1.7406988488e+00 -3.3428346051e+00 5.1971931050e-01 -3.3428346051e+00 -6.4195729233e+00 
2.6626700000e+02 -4.1917542572e-02 2.6961363382e-01 5.1776548584e-01 2.6961363382e-01 -1.7341548927e+00 -3.3302676050e+00 5.1776548584e-01 -3.3302676050e+00 -6.3954392812e+00 
2.6726800000e+02 -4.1760548618e-02 2.6860384871e-01 5.1582629652e-01 2.6860384871e-01 -1.7276599549e+00 -3.3177947392e+00 5.1582629652e-01 -3.3177947392e+00 -6.3714864147e+00 
2.6826900000e+02 -4.1604726256e-02 2.6760159928e-01 5.1390157871e-01 2.6760159928e-01 -1.7212134866e+00 -3.3054149543e+00 5.1390157871e-01 -3.3054149543e+00 -6.3477123002e+00 
2.6927000000e+02 -4.1450062420e-02 2.6660680149e-01 5.1199117102e-01 2.6660680149e-01 -1.7148149472e+00 -3.2931272120e+00 5.1199117102e-01 -3.2931272120e+00 -6.3241149444e+00 
2.7027100000e+02 -4.1296544239e-02 2.6561937254e-01 5.1009491444e-01 2.6561937254e-01 -1.7084638042e+00 -3.2809304896e+00 5.1009491444e-01 -3.2809304896e+00 -6.3006923831e+00 
2.7127200000e+02 -4.1144159028e-02 2.6463923087e-01 5.0821265232e-01 2.6463923087e-01 -1.7021595330e+00 -3.2688237797e+00 5.0821265232e-01 -3.2688237797e+00 -6.2774426814e+00 
2.7227300000e+02 -4.0992894293e-02 2.6366629609e-01 5.0634423031e-01 2.6366629609e-01 -1.6959016165e+00 -3.2568060894e+00 5.0634423031e-01 -3.2568060894e+00 -6.2543639328e+00 
2.7327400000e+02 -4.0842737721e-02 2.6270048902e-01 5.0448949633e-01 2.6270048902e-01 -1.6896895454e+00 -3.2448764404e+00 5.0448949633e-01 -3.2448764404e+00 -6.2314542586e+00 
2.7427500000e+02 -4.0693677178e-02 2.6174173161e-01 5.0264830050e-01 2.6174173161e-01 -1.6835228177e+00 -3.2330338688e+00 5.0264830050e-01 -3.2330338688e+00 -6.2087118078e+00 
2.7527600000e+02 -4.0545700707e-02 2.6078994695e-01 5.0082049514e-01 2.6078994695e-01 -1.6774009388e+00 -3.2212774247e+00 5.0082049514e-01 -3.2212774247e+00 -6.1861347559e+00 
2.7627700000e+02 -4.0398796526e-02 2.5984505926e-01 4.9900593469e-01 2.5984505926e-01 -1.6713234211e+00 -3.2096061720e+00 4.9900593469e-01 -3.2096061720e+00 -6.1637213053e+00 
2.7727800000e+02 -4.0252953022e-02 2.5890699383e-01 4.9720447572e-01 2.5890699383e-01 -1.6652897843e+00 -3.1980191878e+00 4.9720447572e-01 -3.1980191878e+00 -6.1414696841e+00 
2.7827900000e+02 -4.0108158747e-02 2.5797567706e-01 4.9541597684e-01 2.5797567706e-01 -1.6592995548e+00 -3.1865155630e+00 4.9541597684e-01 -3.1865155630e+00 -6.1193781459e+00 
2.7928000000e+02 -3.9964402420e-02 2.5705103637e-01 4.9364029869e-01 2.5705103637e-01 -1.6533522659e+00 -3.1750944012e+00 4.9364029869e-01 -3.1750944012e+00 -6.0974449695e+00 
2.8028100000e+02 -3.9821672921e-02 2.5613300023e-01 4.9187730392e-01 2.5613300023e-01 -1.6474474575e+00 -3.1637548188e+00 4.9187730392e-01 -3.1637548188e+00 -6.0756684580e+00 
2.8128200000e+02 -3.9679959286e-02 2.5522149813e-01 4.9012685710e-01 2.5522149813e-01 -1.6415846760e+00 -3.1524959449e+00 4.9012685710e-01 -3.1524959449e+00 -6.0540469389e+00 
2.8228300000e+02 -3.9539250709e-02 2.5431646056e-01 4.8838882476e-01 2.5431646056e-01 -1.6357634743e+00 -3.1413169208e+00 4.8838882476e-01 -3.1413169208e+00 -6.0325787634e+00 
2.8328400000e+02 -3.9399536535e-02 2.5341781900e-01 4.8666307529e-01 2.5341781900e-01 -1.6299834118e+00 -3.1302169002e+00 4.8666307529e-01 -3.1302169002e+00 -6.0112623059e+00 
2.8428500000e+02 -3.9260806261e-02 2.5252550587e-01 4.8494947894e-01 2.5252550587e-01 -1.6242440538e+00 -3.1191950485e+00 4.8494947894e-01 -3.1191950485e+00 -5.9900959638e+00 
2.8528600000e+02 -3.9123049529e-02 2.5163945457e-01 4.8324790778e-01 2.5163945457e-01 -1.6185449718e+00 -3.1082505429e+00 4.8324790778e-01 -3.1082505429e+00 -5.9690781569e+00 
2.8628700000e+02 -3.8986256127e-02 2.5075959941e-01 4.8155823568e-01 2.5075959941e-01 -1.6128857434e+00 -3.0973825719e+00 4.8155823568e-01 -3.0973825719e+00 -5.9482073272e+00 
2.8728800000e+02 -3.8850415986e-02 2.4988587562e-01 4.7988033826e-01 2.4988587562e-01 -1.6072659520e+00 -3.0865903357e+00 4.7988033826e-01 -3.0865903357e+00 -5.9274819382e+00 
2.8828900000e+02 -3.8715519177e-02 2.4901821934e-01 4.7821409287e-01 2.4901821934e-01 -1.6016851868e+00 -3.0758730453e+00 4.7821409287e-01 -3.0758730453e+00 -5.9069004751e+00 
2.8929000000e+02 -3.8581555906e-02 2.4815656758e-01 4.7655937855e-01 2.4815656758e-01 -1.5961430427e+00 -3.0652299228e+00 4.7655937855e-01 -3.0652299228e+00 -5.8864614438e+00 
2.9029100000e+02 -3.8448516516e-02 2.4730085823e-01 4.7491607600e-01 2.4730085823e-01 -1.5906391201e+00 -3.0546602009e+00 4.7491607600e-01 -3.0546602009e+00 -5.8661633708e+00 
2.9129200000e+02 -3.8316391483e-02 2.4645103002e-01 4.7328406760e-01 2.4645103002e-01 -1.5851730251e+00 -3.0441631228e+00 4.7328406760e-01 -3.0441631228e+00 -5.8460048030e+00 
2.9229300000e+02 -3.8185171413e-02 2.4560702253e-01 4.7166323730e-01 2.4560702253e-01 -1.5797443689e+00 -3.0337379423e+00 4.7166323730e-01 -3.0337379423e+00 -5.8259843071e+00 
2.9329400000e+02 -3.8054847041e-02 2.4476877616e-01 4.7005347065e-01 2.4476877616e-01 -1.5743527683e+00 -3.0233839232e+00 4.7005347065e-01 -3.0233839232e+00 -5.8061004694e+00 
2.9429500000e+02 -3.7925409225e-02 2.4393623214e-01 4.6845465475e-01 2.4393623214e-01 -1.5689978451e+00 -3.0131003393e+00 4.6845465475e-01 -3.0131003393e+00 -5.7863518955e+00 
2.9529600000e+02 -3.7796848951e-02 2.4310933245e-01 4.6686667825e-01 2.4310933245e-01 -1.5636792263e+00 -3.0028864745e+00 4.6686667825e-01 -3.0028864745e+00 -5.7667372097e+00 
2.9629700000e+02 -3.7669157325e-02 2.4228801991e-01 4.6528943128e-01 2.4228801991e-01 -1.5583965441e+00 -2.9927416220e+00 4.6528943128e-01 -2.9927416220e+00 -5.7472550551e+00 
2.9729800000e+02 -3.7542325572e-02 2.4147223808e-01 4.6372280547e-01 2.4147223808e-01 -1.5531494353e+00 -2.9826650848e+00 4.6372280547e-01 -2.9826650848e+00 -5.7279040931e+00 
2.9829900000e+02 -3.7416345036e-02 2.4066193127e-01 4.6216669389e-01 2.4066193127e-01 -1.5479375419e+00 -2.9726561751e+00 4.6216669389e-01 -2.9726561751e+00 -5.7086830029e+00 
2.9930000000e+02 -3.7291207176e-02 2.3985704456e-01 4.6062099104e-01 2.3985704456e-01 -1.5427605106e+00 -2.9627142144e+00 4.6062099104e-01 -2.9627142144e+00 -5.6895904814e+00 
3.0030100000e+02 -3.7166903566e-02 2.3905752374e-01 4.5908559285e-01 2.3905752374e-01 -1.5376179927e+00 -2.9528385332e+00 4.5908559285e-01 -2.9528385332e+00 -5.6706252429e+00 
3.0130200000e+02 -3.7043425891e-02 2.3826331533e-01 4.5756039661e-01 2.3826331533e-01 -1.5325096442e+00 -2.9430284710e+00 4.5756039661e-01 -2.9430284710e+00 -5.6517860189e+00 
3.0230300000e+02 -3.6920765946e-02 2.3747436657e-01 4.5604530097e-01 2.3747436657e-01 -1.5274351258e+00 -2.9332833758e+00 4.5604530097e-01 -2.9332833758e+00 -5.6330715576e+00 
3.0330400000e+02 -3.6798915636e-02 2.3669062537e-01 4.5454020593e-01 2.3669062537e-01 -1.5223941024e+00 -2.9236026045e+00 4.5454020593e-01 -2.9236026045e+00 -5.6144806236e+00 
3.0430500000e+02 -3.6677866969e-02 2.3591204034e-01 4.5304501280e-01 2.3591204034e-01 -1.5173862435e+00 -2.9139855223e+00 4.5304501280e-01 -2.9139855223e+00 -5.5960119981e+00 
3.0530600000e+02 -3.6557612061e-02 2.3513856078e-01 4.5155962418e-01 2.3513856078e-01 -1.5124112229e+00 -2.9044315027e+00 4.5155962418e-01 -2.9044315027e+00 -5.5776644779e+00 
3.0630700000e+02 -3.6438143131e-02 2.3437013662e-01 4.5008394395e-01 2.3437013662e-01 -1.5074687187e+00 -2.8949399275e+00 4.5008394395e-01 -2.8949399275e+00 -5.5594368757e+00 
3.0730800000e+02 -3.6319452497e-02 2.3360671846e-01 4.4861787724e-01 2.3360671846e-01 -1.5025584131e+00 -2.8855101864e+00 4.4861787724e-01 -2.8855101864e+00 -5.5413280197e+00 
3.0830900000e+02 -3.6201532579e-02 2.3284825755e-01 4.4716133042e-01 2.3284825755e-01 -1.4976799926e+00 -2.8761416772e+00 4.4716133042e-01 -2.8761416772e+00 -5.5233367533e+00 
3.0931000000e+02 -3.6084375894e-02 2.3209470575e-01 4.4571421105e-01 2.3209470575e-01 -1.4928331474e+00 -2.8668338055e+00 4.4571421105e-01 -2.8668338055e+00 -5.5054619349e+00 
3.1031100000e+02 -3.5967975057e-02 2.3134601557e-01 4.4427642790e-01 2.3134601557e-01 -1.4880175721e+00 -2.8575859843e+00 4.4427642790e-01 -2.8575859843e+00 -5.4877024375e+00 
3.1131200000e+02 -3.5852322776e-02 2.3060214009e-01 4.4284789092e-01 2.3060214009e-01 -1.4832329651e+00 -2.8483976344e+00 4.4284789092e-01 -2.8483976344e+00 -5.4700571487e+00 
3.1231300000e+02 -3.5737411853e-02 2.2986303304e-01 4.4142851120e-01 2.2986303304e-01 -1.4784790285e+00 -2.8392681841e+00 4.4142851120e-01 -2.8392681841e+00 -5.4525249704e+00 
3.1331400000e+02 -3.5623235182e-02 2.2912864869e-01 4.4001820097e-01 2.2912864869e-01 -1.4737554684e+00 -2.8301970687e+00 4.4001820097e-01 -2.8301970687e+00 -5.4351048184e+00 
3.1431500000e+02 -3.5509785750e-02 2.2839894194e-01 4.3861687358e-01 2.2839894194e-01 -1.4690619946e+00 -2.8211837309e+00 4.3861687358e-01 -2.8211837309e+00 -5.4177956225e+00 
3.1531600000e+02 -3.5397056629e-02 2.2767386824e-01 4.3722444348e-01 2.2767386824e-01 -1.4643983205e+00 -2.8122276204e+00 4.3722444348e-01 -2.8122276204e+00 -5.4005963258e+00 
3.1631700000e+02 -3.5285040981e-02 2.2695338359e-01 4.3584082619e-01 2.2695338359e-01 -1.4597641632e+00 -2.8033281941e+00 4.3584082619e-01 -2.8033281941e+00 -5.3835058852e+00 
3.1731800000e+02 -3.5173732054e-02 2.2623744457e-01 4.3446593833e-01 2.2623744457e-01 -1.4551592435e+00 -2.7944849153e+00 4.3446593833e-01 -2.7944849153e+00 -5.3665232703e+00 
3.1831900000e+02 -3.5063123181e-02 2.2552600830e-01 4.3309969753e-01 2.2552600830e-01 -1.4505832854e+00 -2.7856972545e+00 4.3309969753e-01 -2.7856972545e+00 -5.3496474639e+00 
3.1932000000e+02 -3.4953207779e-02 2.2481903243e-01 4.3174202248e-01 2.2481903243e-01 -1.4460360166e+00 -2.7769646886e+00 4.3174202248e-01 -2.7769646886e+00 -5.3328774617e+00 
3.2032100000e+02 -3.4843979345e-02 2.2411647515e-01 4.3039283288e-01 2.2411647515e-01 -1.4415171682e+00 -2.7682867011e+00 4.3039283288e-01 -2.7682867011e+00 -5.3162122717e+00 
3.2132200000e+02 -3.4735431461e-02 2.2341829516e-01 4.2905204941e-01 2.2341829516e-01 -1.4370264745e+00 -2.7596627818e+00 4.2905204941e-01 -2.7596627818e+00 -5.2996509143e+00 
3.2232300000e+02 -3.4627557785e-02 2.2272445167e-01 4.2771959376e-01 2.2272445167e-01 -1.4325636732e+00 -2.7510924271e+00 4.2771959376e-01 -2.7510924271e+00 -5.2831924221e+00 
3.2332400000e+02 -3.4520352055e-02 2.2203490442e-01 4.2639538859e-01 2.2203490442e-01 -1.4281285052e+00 -2.7425751394e+00 4.2639538859e-01 -2.7425751394e+00 -5.2668358398e+00 
3.2432500000e+02 -3.4413808087e-02 2.2134961362e-01 4.2507935749e-01 2.2134961362e-01 -1.4237207148e+00 -2.7341104274e+00 4.2507935749e-01 -2.7341104274e+00 -5.2505802238e+00 
3.2532600000e+02 -3.4307919773e-02 2.2066853998e-01 4.2377142503e-01 2.2066853998e-01 -1.4193400491e+00 -2.7256978058e+00 4.2377142503e-01 -2.7256978058e+00 -5.2344246420e+00 
3.2632700000e+02 -3.4202681077e-02 2.1999164469e-01 4.2247151667e-01 2.1999164469e-01 -1.4149862586e+00 -2.7173367952e+00 4.2247151667e-01 -2.7173367952e+00 -5.2183681739e+00 
3.2732800000e+02 -3.4098086042e-02 2.1931888942e-01 4.2117955879e-01 2.1931888942e-01 -1.4106590968e+00 -2.7090269221e+00 4.2117955879e-01 -2.7090269221e+00 -5.2024099102e+00 
3.2832900000e+02 -3.3994128779e-02 2.1865023631e-01 4.1989547868e-01 2.1865023631e-01 -1.4063583199e+00 -2.7007677189e+00 4.1989547868e-01 -2.7007677189e+00 -5.1865489527e+00 
3.2933000000e+02 -3.3890803473e-02 2.1798564794e-01 4.1861920450e-01 2.1798564794e-01 -1.4020836876e+00 -2.6925587234e+00 4.1861920450e-01 -2.6925587234e+00 -5.1707844140e+00 
3.3033100000e+02 -3.3788104380e-02 2.1732508737e-01 4.1735066530e-01 2.1732508737e-01 -1.3978349620e+00 -2.6843994792e+00 4.1735066530e-01 -2.6843994792e+00 -5.1551154178e+00 
3.3133200000e+02 -3.3686025823e-02 2.1666851809e-01 4.1608979096e-01 2.1666851809e-01 -1.3936119084e+00 -2.6762895355e+00 4.1608979096e-01 -2.6762895355e+00 -5.1395410980e+00 
3.3233300000e+02 -3.3584562195e-02 2.1601590404e-01 4.1483651223e-01 2.1601590404e-01 -1.3894142948e+00 -2.6682284467e+00 4.1483651223e-01 -2.6682284467e+00 -5.1240605991e+00 
3.3333400000e+02 -3.3483707956e-02 2.1536720958e-01 4.1359076068e-01 2.1536720958e-01 -1.3852418920e+00 -2.6602157727e+00 4.1359076068e-01 -2.6602157727e+00 -5.1086730759e+00 
3.3433500000e+02 -3.3383457634e-02 2.1472239950e-01 4.1235246869e-01 2.1472239950e-01 -1.3810944736e+00 -2.6522510786e+00 4.1235246869e-01 -2.6522510786e+00 -5.0933776933e+00 
3.3533600000e+02 -3.3283805818e-02 2.1408143902e-01 4.1112156947e-01 2.1408143902e-01 -1.3769718158e+00 -2.6443339348e+00 4.1112156947e-01 -2.6443339348e+00 -5.0781736261e+00 
3.3633700000e+02 -3.3184747167e-02 2.1344429378e-01 4.0989799701e-01 2.1344429378e-01 -1.3728736976e+00 -2.6364639168e+00 4.0989799701e-01 -2.6364639168e+00 -5.0630600590e+00 
3.3733800000e+02 -3.3086276399e-02 2.1281092980e-01 4.0868168608e-01 2.1281092980e-01 -1.3687999005e+00 -2.6286406049e+00 4.0868168608e-01 -2.6286406049e+00 -5.0480361865e+00 
3.3833900000e+02 -3.2988388297e-02 2.1218131352e-01 4.0747257224e-01 2.1218131352e-01 -1.3647502086e+00 -2.6208635847e+00 4.0747257224e-01 -2.6208635847e+00 -5.0331012123e+00 
3.3934000000e+02 -3.2891077704e-02 2.1155541179e-01 4.0627059179e-01 2.1155541179e-01 -1.3607244086e+00 -2.6131324464e+00 4.0627059179e-01 -2.6131324464e+00 -5.0182543498e+00 
3.4034100000e+02 -3.2794339524e-02 2.1093319182e-01 4.0507568180e-01 2.1093319182e-01 -1.3567222898e+00 -2.6054467853e+00 4.0507568180e-01 -2.6054467853e+00 -5.0034948216e+00 
3.4134200000e+02 -3.2698168722e-02 2.1031462122e-01 4.0388778005e-01 2.1031462122e-01 -1.3527436437e+00 -2.5978062013e+00 4.0388778005e-01 -2.5978062013e+00 -4.9888218592e+00 
3.4234300000e+02 -3.2602560321e-02 2.0969966798e-01 4.0270682508e-01 2.0969966798e-01 -1.3487882645e+00 -2.5902102989e+00 4.0270682508e-01 -2.5902102989e+00 -4.9742347034e+00 
3.4334400000e+02 -3.2507509401e-02 2.0908830047e-01 4.0153275613e-01 2.0908830047e-01 -1.3448559486e+00 -2.5826586874e+00 4.0153275613e-01 -2.5826586874e+00 -4.9597326037e+00 
3.4434500000e+02 -3.2413011102e-02 2.0848048741e-01 4.0036551313e-01 2.0848048741e-01 -1.3409464950e+00 -2.5751509805e+00 4.0036551313e-01 -2.5751509805e+00 -4.9453148182e+00 
3.4534600000e+02 -3.2319060617e-02 2.0787619789e-01 3.9920503674e-01 2.0787619789e-01 -1.3370597048e+00 -2.5676867963e+00 3.9920503674e-01 -2.5676867963e+00 -4.9309806139e+00 
3.4634700000e+02 -3.2225653197e-02 2.0727540136e-01 3.9805126829e-01 2.0727540136e-01 -1.3331953816e+00 -2.5602657577e+00 3.9805126829e-01 -2.5602657577e+00 -4.9167292660e+00 
3.4734800000e+02 -3.2132784147e-02 2.0667806763e-01 3.9690414978e-01 2.0667806763e-01 -1.3293533310e+00 -2.5528874914e+00 3.9690414978e-01 -2.5528874914e+00 -4.9025600581e+00 
3.4834900000e+02 -3.2040448826e-02 2.0608416685e-01 3.9576362389e-01 2.0608416685e-01 -1.3255333612e+00 -2.5455516289e+00 3.9576362389e-01 -2.5455516289e+00 -4.8884722823e+00 
3.4935000000e+02 -3.1948642645e-02 2.0549366949e-01 3.9462963395e-01 2.0549366949e-01 -1.3217352822e+00 -2.5382578055e+00 3.9462963395e-01 -2.5382578055e+00 -4.8744652385e+00 
3.5035100000e+02 -3.1857361069e-02 2.0490654640e-01 3.9350212393e-01 2.0490654640e-01 -1.3179589064e+00 -2.5310056611e+00 3.9350212393e-01 -2.5310056611e+00 -4.8605382347e+00 
3.5135200000e+02 -3.1766599615e-02 2.0432276872e-01 3.9238103844e-01 2.0432276872e-01 -1.3142040484e+00 -2.5237948393e+00 3.9238103844e-01 -2.5237948393e+00 -4.8466905869e+00 
3.5235300000e+02 -3.1676353849e-02 2.0374230796e-01 3.9126632275e-01 2.0374230796e-01 -1.3104705248e+00 -2.5166249879e+00 3.9126632275e-01 -2.5166249879e+00 -4.8329216186e+00 
3.5335400000e+02 -3.1586619390e-02 2.0316513592e-01 3.9015792270e-01 2.0316513592e-01 -1.3067581542e+00 -2.5094957588e+00 3.9015792270e-01 -2.5094957588e+00 -4.8192306612e+00 
3.5435500000e+02 -3.1497391903e-02 2.0259122472e-01 3.8905578479e-01 2.0259122472e-01 -1.3030667574e+00 -2.5024068078e+00 3.8905578479e-01 -2.5024068078e+00 -4.8056170537e+00 
3.5535600000e+02 -3.1408667105e-02 2.0202054682e-01 3.8795985609e-01 2.0202054682e-01 -1.2993961572e+00 -2.4953577943e+00 3.8795985609e-01 -2.4953577943e+00 -4.7920801424e+00 
3.5635700000e+02 -3.1320440760e-02 2.0145307497e-01 3.8687008427e-01 2.0145307497e-01 -1.2957461782e+00 -2.4883483820e+00 3.8687008427e-01 -2.4883483820e+00 -4.7786192809e+00 
3.5735800000e+02 -3.1232708678e-02 2.0088878222e-01 3.8578641760e-01 2.0088878222e-01 -1.2921166472e+00 -2.4813782380e+00 3.8578641760e-01 -2.4813782380e+00 -4.7652338302e+00 
3.5835900000e+02 -3.1145466719e-02 2.0032764194e-01 3.8470880491e-01 2.0032764194e-01 -1.2885073929e+00 -2.4744470332e+00 3.8470880491e-01 -2.4744470332e+00 -4.7519231583e+00 
3.5936000000e+02 -3.1058710786e-02 1.9976962777e-01 3.8363719562e-01 1.9976962777e-01 -1.2849182458e+00 -2.4675544423e+00 3.8363719562e-01 -2.4675544423e+00 -4.7386866403e+00 
3.6036100000e+02 -3.0972436828e-02 1.9921471368e-01 3.8257153970e-01 1.9921471368e-01 -1.2813490384e+00 -2.4607001434e+00 3.8257153970e-01 -2.4607001434e+00 -4.7255236584e+00 
3.6136200000e+02 -3.0886640842e-02 1.9866287390e-01 3.8151178768e-01 1.9866287390e-01 -1.2777996049e+00 -2.4538838184e+00 3.8151178768e-01 -2.4538838184e+00 -4.7124336014e+00 
3.6236300000e+02 -3.0801318865e-02 1.9811408294e-01 3.8045789062e-01 1.9811408294e-01 -1.2742697815e+00 -2.4471051525e+00 3.8045789062e-01 -2.4471051525e+00 -4.6994158650e+00 
3.6336400000e+02 -3.0716466981e-02 1.9756831562e-01 3.7940980014e-01 1.9756831562e-01 -1.2707594061e+00 -2.4403638345e+00 3.7940980014e-01 -2.4403638345e+00 -4.6864698514e+00 
3.6436500000e+02 -3.0632081314e-02 1.9702554701e-01 3.7836746839e-01 1.9702554701e-01 -1.2672683184e+00 -2.4336595567e+00 3.7836746839e-01 -2.4336595567e+00 -4.6735949695e+00 
3.6536600000e+02 -3.0548158033e-02 1.9648575247e-01 3.7733084802e-01 1.9648575247e-01 -1.2637963599e+00 -2.4269920145e+00 3.7733084802e-01 -2.4269920145e+00 -4.6607906348e+00 
3.6636700000e+02 -3.0464693348e-02 1.9594890762e-01 3.7629989224e-01 1.9594890762e-01 -1.2603433738e+00 -2.4203609069e+00 3.7629989224e-01 -2.4203609069e+00 -4.6480562689e+00 
3.6736800000e+02 -3.0381683511e-02 1.9541498834e-01 3.7527455472e-01 1.9541498834e-01 -1.2569092050e+00 -2.4137659360e+00 3.7527455472e-01 -2.4137659360e+00 -4.6353912999e+00 
3.6836900000e+02 -3.0299124812e-02 1.9488397079e-01 3.7425478968e-01 1.9488397079e-01 -1.2534937001e+00 -2.4072068072e+00 3.7425478968e-01 -2.4072068072e+00 -4.6227951621e+00 
3.6937000000e+02 -3.0217013585e-02 1.9435583138e-01 3.7324055180e-01 1.9435583138e-01 -1.2500967074e+00 -2.4006832292e+00 3.7324055180e-01 -2.4006832292e+00 -4.6102672959e+00 
3.7037100000e+02 -3.0135346201e-02 1.9383054677e-01 3.7223179628e-01 1.9383054677e-01 -1.2467180768e+00 -2.3941949137e+00 3.7223179628e-01 -2.3941949137e+00 -4.5978071476e+00 
3.7137200000e+02 -3.0054119072e-02 1.9330809387e-01 3.7122847877e-01 1.9330809387e-01 -1.2433576598e+00 -2.3877415755e+00 3.7122847877e-01 -2.3877415755e+00 -4.5854141698e+00 
3.7237300000e+02 -2.9973328646e-02 1.9278844985e-01 3.7023055544e-01 1.9278844985e-01 -1.2400153094e+00 -2.3813229326e+00 3.7023055544e-01 -2.3813229326e+00 -4.5730878207e+00 
3.7337400000e+02 -2.9892971412e-02 1.9227159212e-01 3.6923798288e-01 1.9227159212e-01 -1.2366908805e+00 -2.3749387059e+00 3.6923798288e-01 -2.3749387059e+00 -4.5608275645e+00 
3.7437500000e+02 -2.9813043894e-02 1.9175749833e-01 3.6825071818e-01 1.9175749833e-01 -1.2333842292e+00 -2.3685886193e+00 3.6825071818e-01 -2.3685886193e+00 -4.5486328710e+00 
3.7537600000e+02 -2.9733542656e-02 1.9124614636e-01 3.6726871888e-01 1.9124614636e-01 -1.2300952134e+00 -2.3622723999e+00 3.6726871888e-01 -2.3622723999e+00 -4.5365032156e+00 
3.7637700000e+02 -2.9654464295e-02 1.9073751434e-01 3.6629194297e-01 1.9073751434e-01 -1.2268236923e+00 -2.3559897772e+00 3.6629194297e-01 -2.3559897772e+00 -4.5244380796e+00 
3.7737800000e+02 -2.9575805447e-02 1.9023158063e-01 3.6532034888e-01 1.9023158063e-01 -1.2235695266e+00 -2.3497404840e+00 3.6532034888e-01 -2.3497404840e+00 -4.5124369494e+00 
3.7837900000e+02 -2.9497562782e-02 1.8972832381e-01 3.6435389548e-01 1.8972832381e-01 -1.2203325788e+00 -2.3435242558e+00 3.6435389548e-01 -2.3435242558e+00 -4.5004993170e+00 
3.7938000000e+02 -2.9419733006e-02 1.8922772270e-01 3.6339254209e-01 1.8922772270e-01 -1.2171127124e+00 -2.3373408307e+00 3.6339254209e-01 -2.3373408307e+00 -4.4886246799e+00 
3.8038100000e+02 -2.9342312860e-02 1.8872975631e-01 3.6243624844e-01 1.8872975631e-01 -1.2139097926e+00 -2.3311899500e+00 3.6243624844e-01 -2.3311899500e+00 -4.4768125408e+00 
3.8138200000e+02 -2.9265299117e-02 1.8823440392e-01 3.6148497470e-01 1.8823440392e-01 -1.2107236860e+00 -2.3250713572e+00 3.6148497470e-01 -2.3250713572e+00 -4.4650624074e+00 
3.8238300000e+02 -2.9188688587e-02 1.8774164499e-01 3.6053868143e-01 1.8774164499e-01 -1.2075542606e+00 -2.3189847989e+00 3.6053868143e-01 -2.3189847989e+00 -4.4533737930e+00 
3.8338400000e+02 -2.9112478111e-02 1.8725145921e-01 3.5959732962e-01 1.8725145921e-01 -1.2044013856e+00 -2.3129300241e+00 3.5959732962e-01 -2.3129300241e+00 -4.4417462155e+00 
3.8438500000e+02 -2.9036664563e-02 1.8676382647e-01 3.5866088068e-01 1.8676382647e-01 -1.2012649318e+00 -2.3069067845e+00 3.5866088068e-01 -2.3069067845e+00 -4.4301791981e+00 
3.8538600000e+02 -2.8961244850e-02 1.8627872688e-01 3.5772929639e-01 1.8627872688e-01 -1.1981447713e+00 -2.3009148344e+00 3.5772929639e-01 -2.3009148344e+00 -4.4186722690e+00 
3.8638700000e+02 -2.8886215913e-02 1.8579614075e-01 3.5680253896e-01 1.8579614075e-01 -1.1950407773e+00 -2.2949539306e+00 3.5680253896e-01 -2.2949539306e+00 -4.4072249612e+00 
3.8738800000e+02 -2.8811574721e-02 1.8531604860e-01 3.5588057095e-01 1.8531604860e-01 -1.1919528246e+00 -2.2890238324e+00 3.5588057095e-01 -2.2890238324e+00 -4.3958368124e+00 
3.8838900000e+02 -2.8737318276e-02 1.8483843115e-01 3.5496335535e-01 1.8483843115e-01 -1.1888807892e+00 -2.2831243016e+00 3.5496335535e-01 -2.2831243016e+00 -4.3845073652e+00 
3.8939000000e+02 -2.8663443612e-02 1.8436326931e-01 3.5405085549e-01 1.8436326931e-01 -1.1858245482e+00 -2.2772551025e+00 3.5405085549e-01 -2.2772551025e+00 -4.3732361670e+00 
3.9039100000e+02 -2.8589947791e-02 1.8389054419e-01 3.5314303511e-01 1.8389054419e-01 -1.1827839802e+00 -2.2714160018e+00 3.5314303511e-01 -2.2714160018e+00 -4.3620227697e+00 
3.9139200000e+02 -2.8516827906e-02 1.8342023709e-01 3.5223985830e-01 1.8342023709e-01 -1.1797589650e+00 -2.2656067686e+00 3.5223985830e-01 -2.2656067686e+00 -4.3508667297e+00 
3.9239300000e+02 -2.8444081082e-02 1.8295232952e-01 3.5134128952e-01 1.8295232952e-01 -1.1767493835e+00 -2.2598271742e+00 3.5134128952e-01 -2.2598271742e+00 -4.3397676082e+00 
3.9339400000e+02 -2.8371704469e-02 1.8248680315e-01 3.5044729360e-01 1.8248680315e-01 -1.1737551178e+00 -2.2540769925e+00 3.5044729360e-01 -2.2540769925e+00 -4.3287249706e+00 
3.9439500000e+02 -2.8299695249e-02 1.8202363984e-01 3.4955783572e-01 1.8202363984e-01 -1.1707760515e+00 -2.2483559994e+00 3.4955783572e-01 -2.2483559994e+00 -4.3177383868e+00 
3.9539600000e+02 -2.8228050633e-02 1.8156282167e-01 3.4867288141e-01 1.8156282167e-01 -1.1678120690e+00 -2.2426639733e+00 3.4867288141e-01 -2.2426639733e+00 -4.3068074312e+00 
3.9639700000e+02 -2.8156767856e-02 1.8110433085e-01 3.4779239656e-01 1.8110433085e-01 -1.1648630560e+00 -2.2370006947e+00 3.4779239656e-01 -2.2370006947e+00 -4.2959316823e+00 
3.9739800000e+02 -2.8085844186e-02 1.8064814981e-01 3.4691634739e-01 1.8064814981e-01 -1.1619288996e+00 -2.2313659464e+00 3.4691634739e-01 -2.2313659464e+00 -4.2851107229e+00 
3.9839900000e+02 -2.8015276916e-02 1.8019426112e-01 3.4604470046e-01 1.8019426112e-01 -1.1590094875e+00 -2.2257595134e+00 3.4604470046e-01 -2.2257595134e+00 -4.2743441401e+00 
3.9940000000e+02 -2.7945063365e-02 1.7974264756e-01 3.4517742268e-01 1.7974264756e-01 -1.1561047091e+00 -2.2201811827e+00 3.4517742268e-01 -2.2201811827e+00 -4.2636315250e+00 
4.0040100000e+02 -2.7875200881e-02 1.7929329207e-01 3.4431448128e-01 1.7929329207e-01 -1.1532144546e+00 -2.2146307436e+00 3.4431448128e-01 -2.2146307436e+00 -4.2529724728e+00 
4.0140200000e+02 -2.7805686837e-02 1.7884617774e-01 3.4345584382e-01 1.7884617774e-01 -1.1503386152e+00 -2.2091079874e+00 3.4345584382e-01 -2.2091079874e+00 -4.2423665828e+00 
4.0240300000e+02 -2.7736518634e-02 1.7840128785e-01 3.4260147817e-01 1.7840128785e-01 -1.1474770835e+00 -2.2036127076e+00 3.4260147817e-01 -2.2036127076e+00 -4.2318134583e+00 
4.0340400000e+02 -2.7667693696e-02 1.7795860586e-01 3.4175135254e-01 1.7795860586e-01 -1.1446297529e+00 -2.1981446995e+00 3.4175135254e-01 -2.1981446995e+00 -4.2213127066e+00 
4.0440500000e+02 -2.7599209475e-02 1.7751811535e-01 3.4090543544e-01 1.7751811535e-01 -1.1417965179e+00 -2.1927037608e+00 3.4090543544e-01 -2.1927037608e+00 -4.2108639386e+00 
4.0540600000e+02 -2.7531063447e-02 1.7707980009e-01 3.4006369570e-01 1.7707980009e-01 -1.1389772742e+00 -2.1872896907e+00 3.4006369570e-01 -2.1872896907e+00 -4.2004667693e+00 
4.0640700000e+02 -2.7463253113e-02 1.7664364402e-01 3.3922610245e-01 1.7664364402e-01 -1.1361719184e+00 -2.1819022910e+00 3.3922610245e-01 -2.1819022910e+00 -4.1901208175e+00 
4.0740800000e+02 -2.7395775998e-02 1.7620963122e-01 3.3839262513e-01 1.7620963122e-01 -1.1333803480e+00 -2.1765413648e+00 3.3839262513e-01 -2.1765413648e+00 -4.1798257056e+00 
4.0840900000e+02 -2.7328629653e-02 1.7577774593e-01 3.3756323347e-01 1.7577774593e-01 -1.1306024618e+00 -2.1712067177e+00 3.3756323347e-01 -2.1712067177e+00 -4.1695810599e+00 
4.0941000000e+02 -2.7261811651e-02 1.7534797254e-01 3.3673789751e-01 1.7534797254e-01 -1.1278381594e+00 -2.1658981568e+00 3.3673789751e-01 -2.1658981568e+00 -4.1593865100e+00 
4.1041100000e+02 -2.7195319589e-02 1.7492029560e-01 3.3591658757e-01 1.7492029560e-01 -1.1250873413e+00 -2.1606154912e+00 3.3591658757e-01 -2.1606154912e+00 -4.1492416896e+00 
4.1141200000e+02 -2.7129151089e-02 1.7449469981e-01 3.3509927425e-01 1.7449469981e-01 -1.1223499092e+00 -2.1553585320e+00 3.3509927425e-01 -2.1553585320e+00 -4.1391462356e+00 
4.1241300000e+02 -2.7063303795e-02 1.7407117001e-01 3.3428592847e-01 1.7407117001e-01 -1.1196257655e+00 -2.1501270919e+00 3.3428592847e-01 -2.1501270919e+00 -4.1290997885e+00 
4.1341400000e+02 -2.6997775373e-02 1.7364969120e-01 3.3347652140e-01 1.7364969120e-01 -1.1169148138e+00 -2.1449209857e+00 3.3347652140e-01 -2.1449209857e+00 -4.1191019924e+00 
4.1441500000e+02 -2.6932563512e-02 1.7323024851e-01 3.3267102450e-01 1.7323024851e-01 -1.1142169584e+00 -2.1397400296e+00 3.3267102450e-01 -2.1397400296e+00 -4.1091524947e+00 
4.1541600000e+02 -2.6867665925e-02 1.7281282723e-01 3.3186940951e-01 1.7281282723e-01 -1.1115321047e+00 -2.1345840419e+00 3.3186940951e-01 -2.1345840419e+00 -4.0992509462e+00 
4.1641700000e+02 -2.6803080345e-02 1.7239741278e-01 3.3107164842e-01 1.7239741278e-01 -1.1088601590e+00 -2.1294528426e+00 3.3107164842e-01 -2.1294528426e+00 -4.0893970013e+00 
4.1741800000e+02 -2.6738804527e-02 1.7198399072e-01 3.3027771351e-01 1.7198399072e-01 -1.1062010283e+00 -2.1243462533e+00 3.3027771351e-01 -2.1243462533e+00 -4.0795903173e+00 
4.1841900000e+02 -2.6674836248e-02 1.7157254675e-01 3.2948757733e-01 1.7157254675e-01 -1.1035546207e+00 -2.1192640974e+00 3.2948757733e-01 -2.1192640974e+00 -4.0698305552e+00 
4.1942000000e+02 -2.6611173306e-02 1.7116306670e-01 3.2870121267e-01 1.7116306670e-01 -1.1009208450e+00 -2.1142061999e+00 3.2870121267e-01 -2.1142061999e+00 -4.0601173789e+00 
4.2042100000e+02 -2.6547813520e-02 1.7075553656e-01 3.2791859260e-01 1.7075553656e-01 -1.0982996112e+00 -2.1091723876e+00 3.2791859260e-01 -2.1091723876e+00 -4.0504504558e+00 
4.2142200000e+02 -2.6484754730e-02 1.7034994242e-01 3.2713969043e-01 1.7034994242e-01 -1.0956908297e+00 -2.1041624888e+00 3.2713969043e-01 -2.1041624888e+00 -4.0408294562e+00 
4.2242300000e+02 -2.6421994796e-02 1.6994627053e-01 3.2636447973e-01 1.6994627053e-01 -1.0930944121e+00 -2.0991763336e+00 3.2636447973e-01 -2.0991763336e+00 -4.0312540536e+00 
4.2342400000e+02 -2.6359531599e-02 1.6954450725e-01 3.2559293432e-01 1.6954450725e-01 -1.0905102706e+00 -2.0942137535e+00 3.2559293432e-01 -2.0942137535e+00 -4.0217239247e+00 
4.2442500000e+02 -2.6297363039e-02 1.6914463907e-01 3.2482502826e-01 1.6914463907e-01 -1.0879383185e+00 -2.0892745818e+00 3.2482502826e-01 -2.0892745818e+00 -4.0122387491e+00 
4.2542600000e+02 -2.6235487036e-02 1.6874665262e-01 3.2406073587e-01 1.6874665262e-01 -1.0853784696e+00 -2.0843586531e+00 3.2406073587e-01 -2.0843586531e+00 -4.0027982095e+00 
4.2642700000e+02 -2.6173901530e-02 1.6835053464e-01 3.2330003170e-01 1.6835053464e-01 -1.0828306388e+00 -2.0794658039e+00 3.2330003170e-01 -2.0794658039e+00 -3.9934019916e+00 
4.2742800000e+02 -2.6112604481e-02 1.6795627202e-01 3.2254289054e-01 1.6795627202e-01 -1.0802947416e+00 -2.0745958720e+00 3.2254289054e-01 -2.0745958720e+00 -3.9840497840e+00 
4.2842900000e+02 -2.6051593865e-02 1.6756385174e-01 3.2178928742e-01 1.6756385174e-01 -1.0777706944e+00 -2.0697486967e+00 3.2178928742e-01 -2.0697486967e+00 -3.9747412782e+00 
4.2943000000e+02 -2.5990867680e-02 1.6717326092e-01 3.2103919759e-01 1.6717326092e-01 -1.0752584142e+00 -2.0649241189e+00 3.2103919759e-01 -2.0649241189e+00 -3.9654761686e+00 
4.3043100000e+02 -2.5930423942e-02 1.6678448680e-01 3.2029259654e-01 1.6678448680e-01 -1.0727578191e+00 -2.0601219809e+00 3.2029259654e-01 -2.0601219809e+00 -3.9562541524e+00 
4.3143200000e+02 -2.5870260685e-02 1.6639751673e-01 3.1954945998e-01 1.6639751673e-01 -1.0702688276e+00 -2.0553421266e+00 3.1954945998e-01 -2.0553421266e+00 -3.9470749297e+00 
4.3243300000e+02 -2.5810375961e-02 1.6601233818e-01 3.1880976387e-01 1.6601233818e-01 -1.0677913592e+00 -2.0505844012e+00 3.1880976387e-01 -2.0505844012e+00 -3.9379382033e+00 
4.3343400000e+02 -2.5750767840e-02 1.6562893875e-01 3.1807348436e-01 1.6562893875e-01 -1.0653253340e+00 -2.0458486514e+00 3.1807348436e-01 -2.0458486514e+00 -3.9288436788e+00 
4.3443500000e+02 -2.5691434410e-02 1.6524730613e-01 3.1734059783e-01 1.6524730613e-01 -1.0628706730e+00 -2.0411347253e+00 3.1734059783e-01 -2.0411347253e+00 -3.9197910644e+00 
4.3543600000e+02 -2.5632373777e-02 1.6486742813e-01 3.1661108089e-01 1.6486742813e-01 -1.0604272978e+00 -2.0364424723e+00 3.1661108089e-01 -2.0364424723e+00 -3.9107800712e+00 
4.3643700000e+02 -2.5573584063e-02 1.6448929270e-01 3.1588491035e-01 1.6448929270e-01 -1.0579951306e+00 -2.0317717434e+00 3.1588491035e-01 -2.0317717434e+00 -3.9018104127e+00 
4.3743800000e+02 -2.5515063410e-02 1.6411288785e-01 3.1516206324e-01 1.6411288785e-01 -1.0555740947e+00 -2.0271223908e+00 3.1516206324e-01 -2.0271223908e+00 -3.8928818051e+00 
4.3843900000e+02 -2.5456809973e-02 1.6373820175e-01 3.1444251679e-01 1.6373820175e-01 -1.0531641136e+00 -2.0224942680e+00 3.1444251679e-01 -2.0224942680e+00 -3.8839939674e+00 
4.3944000000e+02 -2.5398821928e-02 1.6336522264e-01 3.1372624845e-01 1.6336522264e-01 -1.0507651120e+00 -2.0178872300e+00 3.1372624845e-01 -2.0178872300e+00 -3.8751466209e+00 
4.4044100000e+02 -2.5341097463e-02 1.6299393889e-01 3.1301323587e-01 1.6299393889e-01 -1.0483770149e+00 -2.0133011331e+00 3.1301323587e-01 -2.0133011331e+00 -3.8663394895e+00 
4.4144200000e+02 -2.5283634788e-02 1.6262433895e-01 3.1230345690e-01 1.6262433895e-01 -1.0459997482e+00 -2.0087358348e+00 3.1230345690e-01 -2.0087358348e+00 -3.8575722996e+00 
4.4244300000e+02 -2.5226432123e-02 1.6225641142e-01 3.1159688959e-01 1.6225641142e-01 -1.0436332382e+00 -2.0041911938e+00 3.1159688959e-01 -2.0041911938e+00 -3.8488447802e+00 
4.4344400000e+02 -2.5169487710e-02 1.6189014495e-01 3.1089351219e-01 1.6189014495e-01 -1.0412774123e+00 -1.9996670704e+00 3.1089351219e-01 -1.9996670704e+00 -3.8401566626e+00 
4.4444500000e+02 -2.5112799802e-02 1.6152552833e-01 3.1019330315e-01 1.6152552833e-01 -1.0389321982e+00 -1.9951633259e+00 3.1019330315e-01 -1.9951633259e+00 -3.8315076805e+00 
4.4544600000e+02 -2.5056366671e-02 1.6116255042e-01 3.0949624111e-01 1.6116255042e-01 -1.0365975243e+00 -1.9906798228e+00 3.0949624111e-01 -1.9906798228e+00 -3.8228975702e+00 
4.4644700000e+02 -2.5000186602e-02 1.6080120022e-01 3.0880230491e-01 1.6080120022e-01 -1.0342733198e+00 -1.9862164252e+00 3.0880230491e-01 -1.9862164252e+00 -3.8143260702e+00 
4.4744800000e+02 -2.4944257898e-02 1.6044146680e-01 3.0811147356e-01 1.6044146680e-01 -1.0319595145e+00 -1.9817729979e+00 3.0811147356e-01 -1.9817729979e+00 -3.8057929214e+00 
4.4844900000e+02 -2.4888578875e-02 1.6008333932e-01 3.0742372626e-01 1.6008333932e-01 -1.0296560385e+00 -1.9773494073e+00 3.0742372626e-01 -1.9773494073e+00 -3.7972978668e+00 
4.4945000000e+02 -2.4833147865e-02 1.5972680707e-01 3.0673904243e-01 1.5972680707e-01 -1.0273628231e+00 -1.9729455209e+00 3.0673904243e-01 -1.9729455209e+00 -3.7888406521e+00 
4.5045100000e+02 -2.4777963214e-02 1.5937185940e-01 3.0605740163e-01 1.5937185940e-01 -1.0250797996e+00 -1.9685612073e+00 3.0605740163e-01 -1.9685612073e+00 -3.7804210249e+00 
4.5145200000e+02 -2.4723023285e-02 1.5901848577e-01 3.0537878361e-01 1.5901848577e-01 -1.0228069005e+00 -1.9641963362e+00 3.0537878361e-01 -1.9641963362e+00 -3.7720387352e+00 
4.5245300000e+02 -2.4668326451e-02 1.5866667574e-01 3.0470316833e-01 1.5866667574e-01 -1.0205440583e+00 -1.9598507787e+00 3.0470316833e-01 -1.9598507787e+00 -3.7636935352e+00 
4.5345400000e+02 -2.4613871105e-02 1.5831641895e-01 3.0403053589e-01 1.5831641895e-01 -1.0182912067e+00 -1.9555244068e+00 3.0403053589e-01 -1.9555244068e+00 -3.7553851793e+00 
4.5445500000e+02 -2.4559655649e-02 1.5796770513e-01 3.0336086658e-01 1.5796770513e-01 -1.0160482794e+00 -1.9512170938e+00 3.0336086658e-01 -1.9512170938e+00 -3.7471134239e+00 
4.5545600000e+02 -2.4505678502e-02 1.5762052413e-01 3.0269414086e-01 1.5762052413e-01 -1.0138152112e+00 -1.9469287140e+00 3.0269414086e-01 -1.9469287140e+00 -3.7388780279e+00 
4.5645700000e+02 -2.4451938097e-02 1.5727486584e-01 3.0203033937e-01 1.5727486584e-01 -1.0115919371e+00 -1.9426591429e+00 3.0203033937e-01 -1.9426591429e+00 -3.7306787519e+00 
4.5745800000e+02 -2.4398432879e-02 1.5693072028e-01 3.0136944292e-01 1.5693072028e-01 -1.0093783928e+00 -1.9384082569e+00 3.0136944292e-01 -1.9384082569e+00 -3.7225153590e+00 
4.5845900000e+02 -2.4345161308e-02 1.5658807753e-01 3.0071143247e-01 1.5658807753e-01 -1.0071745147e+00 -1.9341759337e+00 3.0071143247e-01 -1.9341759337e+00 -3.7143876139e+00 
4.5946000000e+02 -2.4292121856e-02 1.5624692778e-01 3.0005628916e-01 1.5624692778e-01 -1.0049802395e+00 -1.9299620519e+00 3.0005628916e-01 -1.9299620519e+00 -3.7062952838e+00 
4.6046100000e+02 -2.4239313010e-02 1.5590726128e-01 2.9940399430e-01 1.5590726128e-01 -1.0027955046e+00 -1.9257664913e+00 2.9940399430e-01 -1.9257664913e+00 -3.6982381376e+00 
4.6146200000e+02 -2.4186733269e-02 1.5556906839e-01 2.9875452934e-01 1.5556906839e-01 -1.0006202479e+00 -1.9215891327e+00 2.9875452934e-01 -1.9215891327e+00 -3.6902159464e+00 
4.6246300000e+02 -2.4134381146e-02 1.5523233953e-01 2.9810787592e-01 1.5523233953e-01 -9.9845440786e-01 -1.9174298579e+00 2.9810787592e-01 -1.9174298579e+00 -3.6822284833e+00 
4.6346400000e+02 -2.4082255165e-02 1.5489706522e-01 2.9746401580e-01 1.5489706522e-01 -9.9629792351e-01 -1.9132885496e+00 2.9746401580e-01 -1.9132885496e+00 -3.6742755232e+00 
4.6446500000e+02 -2.4030353865e-02 1.5456323606e-01 2.9682293094e-01 1.5456323606e-01 -9.9415073434e-01 -1.9091650918e+00 2.9682293094e-01 -1.9091650918e+00 -3.6663568430e+00 
4.6546600000e+02 -2.3978675796e-02 1.5423084272e-01 2.9618460343e-01 1.5423084272e-01 -9.9201278036e-01 -1.9050593693e+00 2.9618460343e-01 -1.9050593693e+00 -3.6584722215e+00 
4.6646700000e+02 -2.3927219520e-02 1.5389987595e-01 2.9554901551e-01 1.5389987595e-01 -9.8988400213e-01 -1.9009712678e+00 2.9554901551e-01 -1.9009712678e+00 -3.6506214396e+00 
4.6746800000e+02 -2.3875983614e-02 1.5357032660e-01 2.9491614960e-01 1.5357032660e-01 -9.8776434071e-01 -1.8969006742e+00 2.9491614960e-01 -1.8969006742e+00 -3.6428042798e+00 
4.6846900000e+02 -2.3824966664e-02 1.5324218558e-01 2.9428598823e-01 1.5324218558e-01 -9.8565373765e-01 -1.8928474763e+00 2.9428598823e-01 -1.8928474763e+00 -3.6350205266e+00 
4.6947000000e+02 -2.3774167269e-02 1.5291544388e-01 2.9365851411e-01 1.5291544388e-01 -9.8355213501e-01 -1.8888115628e+00 2.9365851411e-01 -1.8888115628e+00 -3.6272699663e+00 
4.7047100000e+02 -2.3723584042e-02 1.5259009256e-01 2.9303371009e-01 1.5259009256e-01 -9.8145947534e-01 -1.8847928233e+00 2.9303371009e-01 -1.8847928233e+00 -3.6195523870e+00 
4.7147200000e+02 -2.3673215605e-02 1.5226612277e-01 2.9241155916e-01 1.5226612277e-01 -9.7937570168e-01 -1.8807911485e+00 2.9241155916e-01 -1.8807911485e+00 -3.6118675787e+00 
4.7247300000e+02 -2.3623060594e-02 1.5194352574e-01 2.9179204445e-01 1.5194352574e-01 -9.7730075755e-01 -1.8768064299e+00 2.9179204445e-01 -1.8768064299e+00 -3.6042153331e+00 
4.7347400000e+02 -2.3573117654e-02 1.5162229275e-01 2.9117514926e-01 1.5162229275e-01 -9.7523458695e-01 -1.8728385600e+00 2.9117514926e-01 -1.8728385600e+00 -3.5965954436e+00 
4.7447500000e+02 -2.3523385443e-02 1.5130241517e-01 2.9056085699e-01 1.5130241517e-01 -9.7317713436e-01 -1.8688874321e+00 2.9056085699e-01 -1.8688874321e+00 -3.5890077055e+00 
4.7547600000e+02 -2.3473862630e-02 1.5098388444e-01 2.8994915121e-01 1.5098388444e-01 -9.7112834470e-01 -1.8649529406e+00 2.8994915121e-01 -1.8649529406e+00 -3.5814519157e+00 
4.7647700000e+02 -2.3424547896e-02 1.5066669207e-01 2.8934001561e-01 1.5066669207e-01 -9.6908816338e-01 -1.8610349804e+00 2.8934001561e-01 -1.8610349804e+00 -3.5739278729e+00 
4.7747800000e+02 -2.3375439932e-02 1.5035082964e-01 2.8873343404e-01 1.5035082964e-01 -9.6705653627e-01 -1.8571334478e+00 2.8873343404e-01 -1.8571334478e+00 -3.5664353773e+00 
4.7847900000e+02 -2.3326537440e-02 1.5003628882e-01 2.8812939046e-01 1.5003628882e-01 -9.6503340967e-01 -1.8532482395e+00 2.8812939046e-01 -1.8532482395e+00 -3.5589742310e+00 
4.7948000000e+02 -2.3277839134e-02 1.4972306131e-01 2.8752786898e-01 1.4972306131e-01 -9.6301873034e-01 -1.8493792533e+00 2.8752786898e-01 -1.8493792533e+00 -3.5515442377e+00 
4.8048100000e+02 -2.3229343737e-02 1.4941113891e-01 2.8692885383e-01 1.4941113891e-01 -9.6101244549e-01 -1.8455263879e+00 2.8692885383e-01 -1.8455263879e+00 -3.5441452026e+00 
4.8148200000e+02 -2.3181049983e-02 1.4910051349e-01 2.8633232939e-01 1.4910051349e-01 -9.5901450277e-01 -1.8416895426e+00 2.8633232939e-01 -1.8416895426e+00 -3.5367769326e+00 
4.8248300000e+02 -2.3132956618e-02 1.4879117697e-01 2.8573828015e-01 1.4879117697e-01 -9.5702485025e-01 -1.8378686179e+00 2.8573828015e-01 -1.8378686179e+00 -3.5294392364e+00 
4.8348400000e+02 -2.3085062397e-02 1.4848312134e-01 2.8514669073e-01 1.4848312134e-01 -9.5504343644e-01 -1.8340635148e+00 2.8514669073e-01 -1.8340635148e+00 -3.5221319239e+00 
4.8448500000e+02 -2.3037366085e-02 1.4817633866e-01 2.8455754589e-01 1.4817633866e-01 -9.5307021027e-01 -1.8302741351e+00 2.8455754589e-01 -1.8302741351e+00 -3.5148548068e+00 
4.8548600000e+02 -2.2989866459e-02 1.4787082107e-01 2.8397083051e-01 1.4787082107e-01 -9.5110512110e-01 -1.8265003818e+00 2.8397083051e-01 -1.8265003818e+00 -3.5076076984e+00 
4.8648700000e+02 -2.2942562305e-02 1.4756656074e-01 2.8338652959e-01 1.4756656074e-01 -9.4914811870e-01 -1.8227421583e+00 2.8338652959e-01 -1.8227421583e+00 -3.5003904135e+00 
4.8748800000e+02 -2.2895452417e-02 1.4726354995e-01 2.8280462826e-01 1.4726354995e-01 -9.4719915326e-01 -1.8189993689e+00 2.8280462826e-01 -1.8189993689e+00 -3.4932027682e+00 
4.8848900000e+02 -2.2848535602e-02 1.4696178100e-01 2.8222511176e-01 1.4696178100e-01 -9.4525817536e-01 -1.8152719189e+00 2.8222511176e-01 -1.8152719189e+00 -3.4860445805e+00 
4.8949000000e+02 -2.2801810676e-02 1.4666124627e-01 2.8164796547e-01 1.4666124627e-01 -9.4332513601e-01 -1.8115597139e+00 2.8164796547e-01 -1.8115597139e+00 -3.4789156695e+00 
4.9049100000e+02 -2.2755276464e-02 1.4636193821e-01 2.8107317488e-01 1.4636193821e-01 -9.4139998659e-01 -1.8078626608e+00 2.8107317488e-01 -1.8078626608e+00 -3.4718158561e+00 
4.9149200000e+02 -2.2708931799e-02 1.4606384933e-01 2.8050072559e-01 1.4606384933e-01 -9.3948267891e-01 -1.8041806670e+00 2.8050072559e-01 -1.8041806670e+00 -3.4647449624e+00 
4.9249300000e+02 -2.2662775528e-02 1.4576697219e-01 2.7993060332e-01 1.4576697219e-01 -9.3757316515e-01 -1.8005136405e+00 2.7993060332e-01 -1.8005136405e+00 -3.4577028122e+00 
4.9349400000e+02 -2.2616806502e-02 1.4547129942e-01 2.7936279391e-01 1.4547129942e-01 -9.3567139788e-01 -1.7968614904e+00 2.7936279391e-01 -1.7968614904e+00 -3.4506892304e+00 
4.9449500000e+02 -2.2571023586e-02 1.4517682370e-01 2.7879728333e-01 1.4517682370e-01 -9.3377733005e-01 -1.7932241264e+00 2.7879728333e-01 -1.7932241264e+00 -3.4437040437e+00 
4.9549600000e+02 -2.2525425650e-02 1.4488353778e-01 2.7823405763e-01 1.4488353778e-01 -9.3189091501e-01 -1.7896014587e+00 2.7823405763e-01 -1.7896014587e+00 -3.4367470798e+00 
4.9649700000e+02 -2.2480011577e-02 1.4459143446e-01 2.7767310300e-01 1.4459143446e-01 -9.3001210647e-01 -1.7859933985e+00 2.7767310300e-01 -1.7859933985e+00 -3.4298181682e+00 
4.9749800000e+02 -2.2434780256e-02 1.4430050661e-01 2.7711440573e-01 1.4430050661e-01 -9.2814085850e-01 -1.7823998576e+00 2.7711440573e-01 -1.7823998576e+00 -3.4229171395e+00 
4.9849900000e+02 -2.2389730587e-02 1.4401074714e-01 2.7655795221e-01 1.4401074714e-01 -9.2627712558e-01 -1.7788207486e+00 2.7655795221e-01 -1.7788207486e+00 -3.4160438257e+00 
4.9950000000e+02 -2.2344861477e-02 1.4372214902e-01 2.7600372897e-01 1.4372214902e-01 -9.2442086251e-01 -1.7752559847e+00 2.7600372897e-01 -1.7752559847e+00 -3.4091980602e+00 
5.0050100000e+02 -2.2300171844e-02 1.4343470530e-01 2.7545172261e-01 1.4343470530e-01 -9.2257202448e-01 -1.7717054798e+00 2.7545172261e-01 -1.7717054798e+00 -3.4023796777e+00 
5.0150200000e+02 -2.2255660611e-02 1.4314840905e-01 2.7490191987e-01 1.4314840905e-01 -9.2073056702e-01 -1.7681691486e+00 2.7490191987e-01 -1.7681691486e+00 -3.3955885143e+00 
5.0250300000e+02 -2.2211326714e-02 1.4286325343e-01 2.7435430758e-01 1.4286325343e-01 -9.1889644604e-01 -1.7646469063e+00 2.7435430758e-01 -1.7646469063e+00 -3.3888244072e+00 
5.0350400000e+02 -2.2167169095e-02 1.4257923162e-01 2.7380887266e-01 1.4257923162e-01 -9.1706961777e-01 -1.7611386689e+00 2.7380887266e-01 -1.7611386689e+00 -3.3820871951e+00 
5.0450500000e+02 -2.2123186704e-02 1.4229633688e-01 2.7326560216e-01 1.4229633688e-01 -9.1525003880e-01 -1.7576443531e+00 2.7326560216e-01 -1.7576443531e+00 -3.3753767179e+00 
5.0550600000e+02 -2.2079378500e-02 1.4201456251e-01 2.7272448323e-01 1.4201456251e-01 -9.1343766607e-01 -1.7541638761e+00 2.7272448323e-01 -1.7541638761e+00 -3.3686928169e+00 
5.0650700000e+02 -2.2035743451e-02 1.4173390187e-01 2.7218550310e-01 1.4173390187e-01 -9.1163245685e-01 -1.7506971559e+00 2.7218550310e-01 -1.7506971559e+00 -3.3620353343e+00 
5.0750800000e+02 -2.1992280531e-02 1.4145434838e-01 2.7164864912e-01 1.4145434838e-01 -9.0983436877e-01 -1.7472441112e+00 2.7164864912e-01 -1.7472441112e+00 -3.3554041140e+00 
5.0850900000e+02 -2.1948988726e-02 1.4117589548e-01 2.7111390874e-01 1.4117589548e-01 -9.0804335975e-01 -1.7438046610e+00 2.7111390874e-01 -1.7438046610e+00 -3.3487990008e+00 
5.0951000000e+02 -2.1905867025e-02 1.4089853670e-01 2.7058126949e-01 1.4089853670e-01 -9.0625938809e-01 -1.7403787254e+00 2.7058126949e-01 -1.7403787254e+00 -3.3422198408e+00 
5.1051100000e+02 -2.1862914429e-02 1.4062226561e-01 2.7005071902e-01 1.4062226561e-01 -9.0448241237e-01 -1.7369662248e+00 2.7005071902e-01 -1.7369662248e+00 -3.3356664814e+00 
5.1151200000e+02 -2.1820129944e-02 1.4034707580e-01 2.6952224507e-01 1.4034707580e-01 -9.0271239154e-01 -1.7335670803e+00 2.6952224507e-01 -1.7335670803e+00 -3.3291387711e+00 
5.1251300000e+02 -2.1777512586e-02 1.4007296095e-01 2.6899583546e-01 1.4007296095e-01 -9.0094928485e-01 -1.7301812137e+00 2.6899583546e-01 -1.7301812137e+00 -3.3226365596e+00 
5.1351400000e+02 -2.1735061377e-02 1.3979991478e-01 2.6847147813e-01 1.3979991478e-01 -8.9919305184e-01 -1.7268085473e+00 2.6847147813e-01 -1.7268085473e+00 -3.3161596978e+00 
5.1451500000e+02 -2.1692775347e-02 1.3952793104e-01 2.6794916109e-01 1.3952793104e-01 -8.9744365242e-01 -1.7234490041e+00 2.6794916109e-01 -1.7234490041e+00 -3.3097080378e+00 
5.1551600000e+02 -2.1650653535e-02 1.3925700354e-01 2.6742887247e-01 1.3925700354e-01 -8.9570104676e-01 -1.7201025077e+00 2.6742887247e-01 -1.7201025077e+00 -3.3032814327e+00 
5.1651700000e+02 -2.1608694986e-02 1.3898712615e-01 2.6691060046e-01 1.3898712615e-01 -8.9396519538e-01 -1.7167689822e+00 2.6691060046e-01 -1.7167689822e+00 -3.2968797369e+00 
5.1751800000e+02 -2.1566898751e-02 1.3871829277e-01 2.6639433337e-01 1.3871829277e-01 -8.9223605908e-01 -1.7134483523e+00 2.6639433337e-01 -1.7134483523e+00 -3.2905028058e+00 
5.1851900000e+02 -2.1525263892e-02 1.3845049735e-01 2.6588005959e-01 1.3845049735e-01 -8.9051359897e-01 -1.7101405433e+00 2.6588005959e-01 -1.7101405433e+00 -3.2841504961e+00 
5.1952000000e+02 -2.1483789475e-02 1.3818373390e-01 2.6536776759e-01 1.3818373390e-01 -8.8879777645e-01 -1.7068454812e+00 2.6536776759e-01 -1.7068454812e+00 -3.2778226653e+00 
5.2052100000e+02 -2.1442474574e-02 1.3791799646e-01 2.6485744594e-01 1.3791799646e-01 -8.8708855325e-01 -1.7035630923e+00 2.6485744594e-01 -1.7035630923e+00 -3.2715191723e+00 
5.2152200000e+02 -2.1401318272e-02 1.3765327913e-01 2.6434908330e-01 1.3765327913e-01 -8.8538589134e-01 -1.7002933038e+00 2.6434908330e-01 -1.7002933038e+00 -3.2652398769e+00 
5.2252300000e+02 -2.1360319657e-02 1.3738957603e-01 2.6384266840e-01 1.3738957603e-01 -8.8368975303e-01 -1.6970360431e+00 2.6384266840e-01 -1.6970360431e+00 -3.2589846401e+00 
5.2352400000e+02 -2.1319477823e-02 1.3712688136e-01 2.6333819007e-01 1.3712688136e-01 -8.8200010090e-01 -1.6937912385e+00 2.6333819007e-01 -1.6937912385e+00 -3.2527533238e+00 
5.2452500000e+02 -2.1278791874e-02 1.3686518934e-01 2.6283563723e-01 1.3686518934e-01 -8.8031689781e-01 -1.6905588187e+00 2.6283563723e-01 -1.6905588187e+00 -3.2465457911e+00 
5.2552600000e+02 -2.1238260919e-02 1.3660449423e-01 2.6233499888e-01 1.3660449423e-01 -8.7864010691e-01 -1.6873387128e+00 2.6233499888e-01 -1.6873387128e+00 -3.2403619061e+00 
5.2652700000e+02 -2.1197884074e-02 1.3634479037e-01 2.6183626408e-01 1.3634479037e-01 -8.7696969163e-01 -1.6841308506e+00 2.6183626408e-01 -1.6841308506e+00 -3.2342015340e+00 
5.2752800000e+02 -2.1157660461e-02 1.3608607209e-01 2.6133942202e-01 1.3608607209e-01 -8.7530561567e-01 -1.6809351624e+00 2.6133942202e-01 -1.6809351624e+00 -3.2280645408e+00 
5.2852900000e+02 -2.1117589211e-02 1.3582833380e-01 2.6084446193e-01 1.3582833380e-01 -8.7364784302e-01 -1.6777515791e+00 2.6084446193e-01 -1.6777515791e+00 -3.2219507938e+00 
5.2953000000e+02 -2.1077669458e-02 1.3557156995e-01 2.6035137314e-01 1.3557156995e-01 -8.7199633793e-01 -1.6745800320e+00 2.6035137314e-01 -1.6745800320e+00 -3.2158601610e+00 
5.3053100000e+02 -2.1037900345e-02 1.3531577502e-01 2.5986014506e-01 1.3531577502e-01 -8.7035106492e-01 -1.6714204530e+00 2.5986014506e-01 -1.6714204530e+00 -3.2097925118e+00 
5.3153200000e+02 -2.0998281021e-02 1.3506094353e-01 2.5937076718e-01 1.3506094353e-01 -8.6871198879e-01 -1.6682727745e+00 2.5937076718e-01 -1.6682727745e+00 -3.2037477162e+00 
5.3253300000e+02 -2.0958810643e-02 1.3480707005e-01 2.5888322906e-01 1.3480707005e-01 -8.6707907458e-01 -1.6651369293e+00 2.5888322906e-01 -1.6651369293e+00 -3.1977256453e+00 
5.3353400000e+02 -2.0919488370e-02 1.3455414919e-01 2.5839752034e-01 1.3455414919e-01 -8.6545228762e-01 -1.6620128509e+00 2.5839752034e-01 -1.6620128509e+00 -3.1917261713e+00 
5.3453500000e+02 -2.0880313371e-02 1.3430217560e-01 2.5791363076e-01 1.3430217560e-01 -8.6383159349e-01 -1.6589004731e+00 2.5791363076e-01 -1.6589004731e+00 -3.1857491672e+00 
5.3553600000e+02 -2.0841284821e-02 1.3405114397e-01 2.5743155011e-01 1.3405114397e-01 -8.6221695801e-01 -1.6557997303e+00 2.5743155011e-01 -1.6557997303e+00 -3.1797945070e+00 
5.3653700000e+02 -2.0802401899e-02 1.3380104902e-01 2.5695126826e-01 1.3380104902e-01 -8.6060834728e-01 -1.6527105575e+00 2.5695126826e-01 -1.6527105575e+00 -3.1738620656e+00 
5.3753800000e+02 -2.0763663793e-02 1.3355188552e-01 2.5647277517e-01 1.3355188552e-01 -8.5900572764e-01 -1.6496328899e+00 2.5647277517e-01 -1.6496328899e+00 -3.1679517189e+00 
5.3853900000e+02 -2.0725069694e-02 1.3330364827e-01 2.5599606086e-01 1.3330364827e-01 -8.5740906568e-01 -1.6465666635e+00 2.5599606086e-01 -1.6465666635e+00 -3.1620633437e+00 
5.3954000000e+02 -2.0686618801e-02 1.3305633213e-01 2.5552111543e-01 1.3305633213e-01 -8.5581832825e-01 -1.6435118144e+00 2.5552111543e-01 -1.6435118144e+00 -3.1561968178e+00 
5.4054100000e+02 -2.0648310319e-02 1.3280993197e-01 2.5504792906e-01 1.3280993197e-01 -8.5423348243e-01 -1.6404682797e+00 2.5504792906e-01 -1.6404682797e+00 -3.1503520197e+00 
5.4154200000e+02 -2.0610143457e-02 1.3256444271e-01 2.5457649198e-01 1.3256444271e-01 -8.5265449554e-01 -1.6374359964e+00 2.5457649198e-01 -1.6374359964e+00 -3.1445288289e+00 
5.4254300000e+02 -2.0572117432e-02 1.3231985932e-01 2.5410679452e-01 1.3231985932e-01 -8.5108133516e-01 -1.6344149024e+00 2.5410679452e-01 -1.6344149024e+00 -3.1387271259e+00 
5.4354400000e+02 -2.0534231466e-02 1.3207617679e-01 2.5363882707e-01 1.3207617679e-01 -8.4951396911e-01 -1.6314049357e+00 2.5363882707e-01 -1.6314049357e+00 -3.1329467919e+00 
5.4454500000e+02 -2.0496484786e-02 1.3183339015e-01 2.5317258008e-01 1.3183339015e-01 -8.4795236541e-01 -1.6284060351e+00 2.5317258008e-01 -1.6284060351e+00 -3.1271877091e+00 
5.4554600000e+02 -2.0458876626e-02 1.3159149446e-01 2.5270804409e-01 1.3159149446e-01 -8.4639649237e-01 -1.6254181396e+00 2.5270804409e-01 -1.6254181396e+00 -3.1214497606e+00 
5.4654700000e+02 -2.0421406225e-02 1.3135048484e-01 2.5224520969e-01 1.3135048484e-01 -8.4484631848e-01 -1.6224411887e+00 2.5224520969e-01 -1.6224411887e+00 -3.1157328301e+00 
5.4754800000e+02 -2.0384072826e-02 1.3111035642e-01 2.5178406755e-01 1.3111035642e-01 -8.4330181249e-01 -1.6194751225e+00 2.5178406755e-01 -1.6194751225e+00 -3.1100368024e+00 
5.4854900000e+02 -2.0346875681e-02 1.3087110438e-01 2.5132460841e-01 1.3087110438e-01 -8.4176294337e-01 -1.6165198813e+00 2.5132460841e-01 -1.6165198813e+00 -3.1043615631e+00 
5.4955000000e+02 -2.0309814044e-02 1.3063272393e-01 2.5086682307e-01 1.3063272393e-01 -8.4022968033e-01 -1.6135754060e+00 2.5086682307e-01 -1.6135754060e+00 -3.0987069986e+00 
5.5055100000e+02 -2.0272887177e-02 1.3039521032e-01 2.5041070240e-01 1.3039521032e-01 -8.3870199277e-01 -1.6106416379e+00 2.5041070240e-01 -1.6106416379e+00 -3.0930729961e+00 
5.5155200000e+02 -2.0236094345e-02 1.3015855882e-01 2.4995623734e-01 1.3015855882e-01 -8.3717985036e-01 -1.6077185186e+00 2.4995623734e-01 -1.6077185186e+00 -3.0874594437e+00 
5.5255300000e+02 -2.0199434820e-02 1.2992276476e-01 2.4950341889e-01 1.2992276476e-01 -8.3566322294e-01 -1.6048059903e+00 2.4950341889e-01 -1.6048059903e+00 -3.0818662302e+00 
5.5355400000e+02 -2.0162907879e-02 1.2968782348e-01 2.4905223812e-01 1.2968782348e-01 -8.3415208060e-01 -1.6019039956e+00 2.4905223812e-01 -1.6019039956e+00 -3.0762932452e+00 
5.5455500000e+02 -2.0126512804e-02 1.2945373035e-01 2.4860268615e-01 1.2945373035e-01 -8.3264639364e-01 -1.5990124773e+00 2.4860268615e-01 -1.5990124773e+00 -3.0707403794e+00 
5.5555600000e+02 -2.0090248882e-02 1.2922048081e-01 2.4815475419e-01 1.2922048081e-01 -8.3114613257e-01 -1.5961313790e+00 2.4815475419e-01 -1.5961313790e+00 -3.0652075238e+00 
5.5655700000e+02 -2.0054115406e-02 1.2898807029e-01 2.4770843349e-01 1.2898807029e-01 -8.2965126811e-01 -1.5932606442e+00 2.4770843349e-01 -1.5932606442e+00 -3.0596945705e+00 
5.5755800000e+02 -2.0018111673e-02 1.2875649428e-01 2.4726371538e-01 1.2875649428e-01 -8.2816177119e-01 -1.5904002173e+00 2.4726371538e-01 -1.5904002173e+00 -3.0542014124e+00 
5.5855900000e+02 -1.9982236985e-02 1.2852574829e-01 2.4682059123e-01 1.2852574829e-01 -8.2667761297e-01 -1.5875500428e+00 2.4682059123e-01 -1.5875500428e+00 -3.0487279429e+00 
5.5956000000e+02 -1.9946490650e-02 1.2829582786e-01 2.4637905250e-01 1.2829582786e-01 -8.2519876479e-01 -1.5847100657e+00 2.4637905250e-01 -1.5847100657e+00 -3.0432740565e+00 
5.6056100000e+02 -1.9910871980e-02 1.2806672857e-01 2.4593909070e-01 1.2806672857e-01 -8.2372519819e-01 -1.5818802314e+00 2.4593909070e-01 -1.5818802314e+00 -3.0378396483e+00 
5.6156200000e+02 -1.9875380293e-02 1.2783844604e-01 2.4550069738e-01 1.2783844604e-01 -8.2225688495e-01 -1.5790604855e+00 2.4550069738e-01 -1.5790604855e+00 -3.0324246140e+00 
5.6256300000e+02 -1.9840014910e-02 1.2761097590e-01 2.4506386417e-01 1.2761097590e-01 -8.2079379700e-01 -1.5762507743e+00 2.4506386417e-01 -1.5762507743e+00 -3.0270288502e+00 
5.6356400000e+02 -1.9804775159e-02 1.2738431383e-01 2.4462858277e-01 1.2738431383e-01 -8.1933590652e-01 -1.5734510444e+00 2.4462858277e-01 -1.5734510444e+00 -3.0216522544e+00 
5.6456500000e+02 -1.9769660372e-02 1.2715845551e-01 2.4419484491e-01 1.2715845551e-01 -8.1788318586e-01 -1.5706612425e+00 2.4419484491e-01 -1.5706612425e+00 -3.0162947244e+00 
5.6556600000e+02 -1.9734669885e-02 1.2693339670e-01 2.4376264241e-01 1.2693339670e-01 -8.1643560756e-01 -1.5678813160e+00 2.4376264241e-01 -1.5678813160e+00 -3.0109561591e+00 
5.6656700000e+02 -1.9699803038e-02 1.2670913314e-01 2.4333196713e-01 1.2670913314e-01 -8.1499314437e-01 -1.5651112126e+00 2.4333196713e-01 -1.5651112126e+00 -3.0056364580e+00 
5.6756800000e+02 -1.9665059179e-02 1.2648566064e-01 2.4290281097e-01 1.2648566064e-01 -8.1355576922e-01 -1.5623508802e+00 2.4290281097e-01 -1.5623508802e+00 -3.0003355212e+00 
5.6856900000e+02 -1.9630437657e-02 1.2626297501e-01 2.4247516593e-01 1.2626297501e-01 -8.1212345524e-01 -1.5596002673e+00 2.4247516593e-01 -1.5596002673e+00 -2.9950532496e+00 
5.6957000000e+02 -1.9595937827e-02 1.2604107210e-01 2.4204902403e-01 1.2604107210e-01 -8.1069617575e-01 -1.5568593226e+00 2.4204902403e-01 -1.5568593226e+00 -2.9897895449e+00 
5.7057100000e+02 -1.9561559049e-02 1.2581994780e-01 2.4162437737e-01 1.2581994780e-01 -8.0927390425e-01 -1.5541279952e+00 2.4162437737e-01 -1.5541279952e+00 -2.9845443093e+00 
5.7157200000e+02 -1.9527300686e-02 1.2559959801e-01 2.4120121808e-01 1.2559959801e-01 -8.0785661443e-01 -1.5514062347e+00 2.4120121808e-01 -1.5514062347e+00 -2.9793174457e+00 
5.7257300000e+02 -1.9493162108e-02 1.2538001868e-01 2.4077953836e-01 1.2538001868e-01 -8.0644428016e-01 -1.5486939908e+00 2.4077953836e-01 -1.5486939908e+00 -2.9741088579e+00 
5.7357400000e+02 -1.9459142688e-02 1.2516120577e-01 2.4035933048e-01 1.2516120577e-01 -8.0503687549e-01 -1.5459912136e+00 2.4035933048e-01 -1.5459912136e+00 -2.9689184501e+00 
5.7457500000e+02 -1.9425241801e-02 1.2494315527e-01 2.3994058673e-01 1.2494315527e-01 -8.0363437467e-01 -1.5432978538e+00 2.3994058673e-01 -1.5432978538e+00 -2.9637461273e+00 
5.7557600000e+02 -1.9391458831e-02 1.2472586320e-01 2.3952329948e-01 1.2472586320e-01 -8.0223675209e-01 -1.5406138622e+00 2.3952329948e-01 -1.5406138622e+00 -2.9585917951e+00 
5.7657700000e+02 -1.9357793162e-02 1.2450932562e-01 2.3910746114e-01 1.2450932562e-01 -8.0084398237e-01 -1.5379391900e+00 2.3910746114e-01 -1.5379391900e+00 -2.9534553600e+00 
5.7757800000e+02 -1.9324244185e-02 1.2429353860e-01 2.3869306417e-01 1.2429353860e-01 -7.9945604026e-01 -1.5352737888e+00 2.3869306417e-01 -1.5352737888e+00 -2.9483367287e+00 
5.7857900000e+02 -1.9290811294e-02 1.2407849825e-01 2.3828010111e-01 1.2407849825e-01 -7.9807290072e-01 -1.5326176103e+00 2.3828010111e-01 -1.5326176103e+00 -2.9432358089e+00 
5.7958000000e+02 -1.9257493889e-02 1.2386420069e-01 2.3786856451e-01 1.2386420069e-01 -7.9669453884e-01 -1.5299706069e+00 2.3786856451e-01 -1.5299706069e+00 -2.9381525088e+00 
5.8058100000e+02 -1.9224291370e-02 1.2365064209e-01 2.3745844700e-01 1.2365064209e-01 -7.9532092994e-01 -1.5273327311e+00 2.3745844700e-01 -1.5273327311e+00 -2.9330867374e+00 
5.8158200000e+02 -1.9191203146e-02 1.2343781863e-01 2.3704974126e-01 1.2343781863e-01 -7.9395204945e-01 -1.5247039358e+00 2.3704974126e-01 -1.5247039358e+00 -2.9280384040e+00 
5.8258300000e+02 -1.9158228627e-02 1.2322572653e-01 2.3664243999e-01 1.2322572653e-01 -7.9258787301e-01 -1.5220841740e+00 2.3664243999e-01 -1.5220841740e+00 -2.9230074188e+00 
5.8358400000e+02 -1.9125367227e-02 1.2301436201e-01 2.3623653599e-01 1.2301436201e-01 -7.9122837642e-01 -1.5194733995e+00 2.3623653599e-01 -1.5194733995e+00 -2.9179936926e+00 
5.8458500000e+02 -1.9092618367e-02 1.2280372133e-01 2.3583202207e-01 1.2280372133e-01 -7.8987353563e-01 -1.5168715659e+00 2.3583202207e-01 -1.5168715659e+00 -2.9129971366e+00 
5.8558600000e+02 -1.9059981468e-02 1.2259380080e-01 2.3542889109e-01 1.2259380080e-01 -7.8852332676e-01 -1.5142786275e+00 2.3542889109e-01 -1.5142786275e+00 -2.9080176628e+00 
5.8658700000e+02 -1.9027455958e-02 1.2238459672e-01 2.3502713599e-01 1.2238459672e-01 -7.8717772611e-01 -1.5116945387e+00 2.3502713599e-01 -1.5116945387e+00 -2.9030551838e+00 
5.8758800000e+02 -1.8995041267e-02 1.2217610543e-01 2.3462674973e-01 1.2217610543e-01 -7.8583671012e-01 -1.5091192543e+00 2.3462674973e-01 -1.5091192543e+00 -2.8981096126e+00 
5.8858900000e+02 -1.8962736830e-02 1.2196832329e-01 2.3422772532e-01 1.2196832329e-01 -7.8450025540e-01 -1.5065527293e+00 2.3422772532e-01 -1.5065527293e+00 -2.8931808632e+00 
5.8959000000e+02 -1.8930542085e-02 1.2176124669e-01 2.3383005583e-01 1.2176124669e-01 -7.8316833872e-01 -1.5039949191e+00 2.3383005583e-01 -1.5039949191e+00 -2.8882688497e+00 
5.9059100000e+02 -1.8898456475e-02 1.2155487205e-01 2.3343373438e-01 1.2155487205e-01 -7.8184093700e-01 -1.5014457795e+00 2.3343373438e-01 -1.5014457795e+00 -2.8833734870e+00 
5.9159200000e+02 -1.8866479445e-02 1.2134919579e-01 2.3303875411e-01 1.2134919579e-01 -7.8051802733e-01 -1.4989052664e+00 2.3303875411e-01 -1.4989052664e+00 -2.8784946907e+00 
5.9259300000e+02 -1.8834610446e-02 1.2114421439e-01 2.3264510823e-01 1.2114421439e-01 -7.7919958694e-01 -1.4963733361e+00 2.3264510823e-01 -1.4963733361e+00 -2.8736323768e+00 
5.9359400000e+02 -1.8802848930e-02 1.2093992432e-01 2.3225278999e-01 1.2093992432e-01 -7.7788559322e-01 -1.4938499452e+00 2.3225278999e-01 -1.4938499452e+00 -2.8687864619e+00 
5.9459500000e+02 -1.8771194356e-02 1.2073632210e-01 2.3186179268e-01 1.2073632210e-01 -7.7657602372e-01 -1.4913350505e+00 2.3186179268e-01 -1.4913350505e+00 -2.8639568632e+00 
5.9559600000e+02 -1.8739646183e-02 1.2053340425e-01 2.3147210965e-01 1.2053340425e-01 -7.7527085612e-01 -1.4888286093e+00 2.3147210965e-01 -1.4888286093e+00 -2.8591434984e+00 
5.9659700000e+02 -1.8708203876e-02 1.2033116733e-01 2.3108373428e-01 1.2033116733e-01 -7.7397006828e-01 -1.4863305789e+00 2.3108373428e-01 -1.4863305789e+00 -2.8543462858e+00 
5.9759800000e+02 -1.8676866904e-02 1.2012960792e-01 2.3069665999e-01 1.2012960792e-01 -7.7267363817e-01 -1.4838409171e+00 2.3069665999e-01 -1.4838409171e+00 -2.8495651443e+00 
5.9859900000e+02 -1.8645634737e-02 1.1992872263e-01 2.3031088027e-01 1.1992872263e-01 -7.7138154394e-01 -1.4813595819e+00 2.3031088027e-01 -1.4813595819e+00 -2.8447999931e+00 
5.9960000000e+02 -1.8614506851e-02 1.1972850807e-01 2.2992638862e-01 1.1972850807e-01 -7.7009376388e-01 -1.4788865316e+00 2.2992638862e-01 -1.4788865316e+00 -2.8400507523e+00 
6.0060100000e+02 -1.8583482725e-02 1.1952896089e-01 2.2954317862e-01 1.1952896089e-01 -7.6881027641e-01 -1.4764217249e+00 2.2954317862e-01 -1.4764217249e+00 -2.8353173423e+00 
6.0160200000e+02 -1.8552561840e-02 1.1933007775e-01 2.2916124384e-01 1.1933007775e-01 -7.6753106011e-01 -1.4739651204e+00 2.2916124384e-01 -1.4739651204e+00 -2.8305996840e+00 
6.0260300000e+02 -1.8521743682e-02 1.1913185536e-01 2.2878057796e-01 1.1913185536e-01 -7.6625609369e-01 -1.4715166774e+00 2.2878057796e-01 -1.4715166774e+00 -2.8258976989e+00 
6.0360400000e+02 -1.8491027740e-02 1.1893429042e-01 2.2840117464e-01 1.1893429042e-01 -7.6498535600e-01 -1.4690763553e+00 2.2840117464e-01 -1.4690763553e+00 -2.8212113092e+00 
6.0460500000e+02 -1.8460413506e-02 1.1873737967e-01 2.2802302763e-01 1.1873737967e-01 -7.6371882605e-01 -1.4666441137e+00 2.2802302763e-01 -1.4666441137e+00 -2.8165404373e+00 
6.0560600000e+02 -1.8429900476e-02 1.1854111986e-01 2.2764613068e-01 1.1854111986e-01 -7.6245648297e-01 -1.4642199126e+00 2.2764613068e-01 -1.4642199126e+00 -2.8118850062e+00 
6.0660700000e+02 -1.8399488150e-02 1.1834550778e-01 2.2727047762e-01 1.1834550778e-01 -7.6119830603e-01 -1.4618037121e+00 2.2727047762e-01 -1.4618037121e+00 -2.8072449396e+00 
6.0760800000e+02 -1.8369176028e-02 1.1815054021e-01 2.2689606230e-01 1.1815054021e-01 -7.5994427464e-01 -1.4593954727e+00 2.2689606230e-01 -1.4593954727e+00 -2.8026201615e+00 
6.0860900000e+02 -1.8338963617e-02 1.1795621398e-01 2.2652287860e-01 1.1795621398e-01 -7.5869436834e-01 -1.4569951551e+00 2.2652287860e-01 -1.4569951551e+00 -2.7980105964e+00 
6.0961000000e+02 -1.8308850426e-02 1.1776252594e-01 2.2615092046e-01 1.1776252594e-01 -7.5744856683e-01 -1.4546027204e+00 2.2615092046e-01 -1.4546027204e+00 -2.7934161695e+00 
6.1061100000e+02 -1.8278835966e-02 1.1756947293e-01 2.2578018185e-01 1.1756947293e-01 -7.5620684990e-01 -1.4522181297e+00 2.2578018185e-01 -1.4522181297e+00 -2.7888368062e+00 
6.1161200000e+02 -1.8248919753e-02 1.1737705185e-01 2.2541065679e-01 1.1737705185e-01 -7.5496919750e-01 -1.4498413445e+00 2.2541065679e-01 -1.4498413445e+00 -2.7842724326e+00 
6.1261300000e+02 -1.8219101305e-02 1.1718525960e-01 2.2504233932e-01 1.1718525960e-01 -7.5373558972e-01 -1.4474723265e+00 2.2504233932e-01 -1.4474723265e+00 -2.7797229753e+00 
6.1361400000e+02 -1.8189380144e-02 1.1699409309e-01 2.2467522354e-01 1.1699409309e-01 -7.5250600675e-01 -1.4451110378e+00 2.2467522354e-01 -1.4451110378e+00 -2.7751883612e+00 
6.1461500000e+02 -1.8159755795e-02 1.1680354927e-01 2.2430930358e-01 1.1680354927e-01 -7.5128042893e-01 -1.4427574406e+00 2.2430930358e-01 -1.4427574406e+00 -2.7706685178e+00 
6.1561600000e+02 -1.8130227785e-02 1.1661362511e-01 2.2394457360e-01 1.1661362511e-01 -7.5005883672e-01 -1.4404114974e+00 2.2394457360e-01 -1.4404114974e+00 -2.7661633731e+00 
6.1661700000e+02 -1.8100795644e-02 1.1642431759e-01 2.2358102780e-01 1.1642431759e-01 -7.4884121071e-01 -1.4380731708e+00 2.2358102780e-01 -1.4380731708e+00 -2.7616728554e+00 
6.1761800000e+02 -1.8071458908e-02 1.1623562370e-01 2.2321866043e-01 1.1623562370e-01 -7.4762753162e-01 -1.4357424239e+00 2.2321866043e-01 -1.4357424239e+00 -2.7571968937e+00 
6.1861900000e+02 -1.8042217113e-02 1.1604754047e-01 2.2285746577e-01 1.1604754047e-01 -7.4641778029e-01 -1.4334192199e+00 2.2285746577e-01 -1.4334192199e+00 -2.7527354172e+00 
6.1962000000e+02 -1.8013069797e-02 1.1586006494e-01 2.2249743814e-01 1.1586006494e-01 -7.4521193768e-01 -1.4311035221e+00 2.2249743814e-01 -1.4311035221e+00 -2.7482883559e+00 
6.2062100000e+02 -1.7984016506e-02 1.1567319417e-01 2.2213857188e-01 1.1567319417e-01 -7.4400998488e-01 -1.4287952943e+00 2.2213857188e-01 -1.4287952943e+00 -2.7438556399e+00 
6.2162200000e+02 -1.7955056784e-02 1.1548692523e-01 2.2178086139e-01 1.1548692523e-01 -7.4281190309e-01 -1.4264945005e+00 2.2178086139e-01 -1.4264945005e+00 -2.7394371999e+00 
6.2262300000e+02 -1.7926190179e-02 1.1530125523e-01 2.2142430109e-01 1.1530125523e-01 -7.4161767365e-01 -1.4242011046e+00 2.2142430109e-01 -1.4242011046e+00 -2.7350329671e+00 
6.2362400000e+02 -1.7897416244e-02 1.1511618128e-01 2.2106888545e-01 1.1511618128e-01 -7.4042727801e-01 -1.4219150712e+00 2.2106888545e-01 -1.4219150712e+00 -2.7306428731e+00 
6.2462500000e+02 -1.7868734533e-02 1.1493170052e-01 2.2071460896e-01 1.1493170052e-01 -7.3924069774e-01 -1.4196363648e+00 2.2071460896e-01 -1.4196363648e+00 -2.7262668498e+00 
6.2562600000e+02 -1.7840144604e-02 1.1474781009e-01 2.2036146615e-01 1.1474781009e-01 -7.3805791451e-01 -1.4173649503e+00 2.2036146615e-01 -1.4173649503e+00 -2.7219048298e+00 
6.2662700000e+02 -1.7811646016e-02 1.1456450717e-01 2.2000945159e-01 1.1456450717e-01 -7.3687891014e-01 -1.4151007926e+00 2.2000945159e-01 -1.4151007926e+00 -2.7175567460e+00 
6.2762800000e+02 -1.7783238332e-02 1.1438178895e-01 2.1965855988e-01 1.1438178895e-01 -7.3570366654e-01 -1.4128438571e+00 2.1965855988e-01 -1.4128438571e+00 -2.7132225316e+00 
6.2862900000e+02 -1.7754921119e-02 1.1419965264e-01 2.1930878566e-01 1.1419965264e-01 -7.3453216575e-01 -1.4105941094e+00 2.1930878566e-01 -1.4105941094e+00 -2.7089021204e+00 
6.2963000000e+02 -1.7726693944e-02 1.1401809545e-01 2.1896012360e-01 1.1401809545e-01 -7.3336438992e-01 -1.4083515150e+00 2.1896012360e-01 -1.4083515150e+00 -2.7045954467e+00 
6.3063100000e+02 -1.7698556379e-02 1.1383711463e-01 2.1861256839e-01 1.1383711463e-01 -7.3220032130e-01 -1.4061160399e+00 2.1861256839e-01 -1.4061160399e+00 -2.7003024448e+00 
6.3163200000e+02 -1.7670507998e-02 1.1365670744e-01 2.1826611479e-01 1.1365670744e-01 -7.3103994228e-01 -1.4038876504e+00 2.1826611479e-01 -1.4038876504e+00 -2.6960230499e+00 
6.3263300000e+02 -1.7642548378e-02 1.1347687117e-01 2.1792075756e-01 1.1347687117e-01 -7.2988323534e-01 -1.4016663126e+00 2.1792075756e-01 -1.4016663126e+00 -2.6917571974e+00 
6.3363400000e+02 -1.7614677097e-02 1.1329760309e-01 2.1757649151e-01 1.1329760309e-01 -7.2873018308e-01 -1.3994519934e+00 2.1757649151e-01 -1.3994519934e+00 -2.6875048231e+00 
6.3463500000e+02 -1.7586893739e-02 1.1311890053e-01 2.1723331146e-01 1.1311890053e-01 -7.2758076820e-01 -1.3972446593e+00 2.1723331146e-01 -1.3972446593e+00 -2.6832658632e+00 
6.3563600000e+02 -1.7559197887e-02 1.1294076081e-01 2.1689121230e-01 1.1294076081e-01 -7.2643497351e-01 -1.3950442775e+00 2.1689121230e-01 -1.3950442775e+00 -2.6790402543e+00 
6.3663700000e+02 -1.7531589128e-02 1.1276318127e-01 2.1655018891e-01 1.1276318127e-01 -7.2529278195e-01 -1.3928508151e+00 2.1655018891e-01 -1.3928508151e+00 -2.6748279335e+00 
6.3763800000e+02 -1.7504067054e-02 1.1258615929e-01 2.1621023625e-01 1.1258615929e-01 -7.2415417654e-01 -1.3906642395e+00 2.1621023625e-01 -1.3906642395e+00 -2.6706288381e+00 
6.3863900000e+02 -1.7476631255e-02 1.1240969223e-01 2.1587134926e-01 1.1240969223e-01 -7.2301914043e-01 -1.3884845184e+00 2.1587134926e-01 -1.3884845184e+00 -2.6664429060e+00 
6.3964000000e+02 -1.7449281327e-02 1.1223377749e-01 2.1553352295e-01 1.1223377749e-01 -7.2188765684e-01 -1.3863116196e+00 2.1553352295e-01 -1.3863116196e+00 -2.6622700755e+00 
6.4064100000e+02 -1.7422016867e-02 1.1205841249e-01 2.1519675235e-01 1.1205841249e-01 -7.2075970914e-01 -1.3841455111e+00 2.1519675235e-01 -1.3841455111e+00 -2.6581102850e+00 
6.4164200000e+02 -1.7394837476e-02 1.1188359465e-01 2.1486103251e-01 1.1188359465e-01 -7.1963528077e-01 -1.3819861611e+00 2.1486103251e-01 -1.3819861611e+00 -2.6539634735e+00 
6.4264300000e+02 -1.7367742756e-02 1.1170932141e-01 2.1452635852e-01 1.1170932141e-01 -7.1851435529e-01 -1.3798335380e+00 2.1452635852e-01 -1.3798335380e+00 -2.6498295805e+00 
6.4364400000e+02 -1.7340732312e-02 1.1153559023e-01 2.1419272551e-01 1.1153559023e-01 -7.1739691634e-01 -1.3776876105e+00 2.1419272551e-01 -1.3776876105e+00 -2.6457085455e+00 
6.4464500000e+02 -1.7313805750e-02 1.1136239859e-01 2.1386012863e-01 1.1136239859e-01 -7.1628294771e-01 -1.3755483473e+00 2.1386012863e-01 -1.3755483473e+00 -2.6416003088e+00 
6.4564600000e+02 -1.7286962682e-02 1.1118974397e-01 2.1352856305e-01 1.1118974397e-01 -7.1517243323e-01 -1.3734157175e+00 2.1352856305e-01 -1.3734157175e+00 -2.6375048108e+00 
6.4664700000e+02 -1.7260202719e-02 1.1101762389e-01 2.1319802399e-01 1.1101762389e-01 -7.1406535687e-01 -1.3712896903e+00 2.1319802399e-01 -1.3712896903e+00 -2.6334219923e+00 
6.4764800000e+02 -1.7233525477e-02 1.1084603587e-01 2.1286850669e-01 1.1084603587e-01 -7.1296170269e-01 -1.3691702350e+00 2.1286850669e-01 -1.3691702350e+00 -2.6293517946e+00 
6.4864900000e+02 -1.7206930571e-02 1.1067497743e-01 2.1254000641e-01 1.1067497743e-01 -7.1186145485e-01 -1.3670573212e+00 2.1254000641e-01 -1.3670573212e+00 -2.6252941592e+00 
6.4965000000e+02 -1.7180417622e-02 1.1050444614e-01 2.1221251846e-01 1.1050444614e-01 -7.1076459759e-01 -1.3649509188e+00 2.1221251846e-01 -1.3649509188e+00 -2.6212490281e+00 
6.5065100000e+02 -1.7153986251e-02 1.1033443956e-01 2.1188603817e-01 1.1033443956e-01 -7.0967111527e-01 -1.3628509975e+00 2.1188603817e-01 -1.3628509975e+00 -2.6172163434e+00 
6.5165200000e+02 -1.7127636082e-02 1.1016495528e-01 2.1156056088e-01 1.1016495528e-01 -7.0858099235e-01 -1.3607575276e+00 2.1156056088e-01 -1.3607575276e+00 -2.6131960480e+00 
6.5265300000e+02 -1.7101366741e-02 1.0999599088e-01 2.1123608199e-01 1.0999599088e-01 -7.0749421335e-01 -1.3586704794e+00 2.1123608199e-01 -1.3586704794e+00 -2.6091880847e+00 
6.5365400000e+02 -1.7075177858e-02 1.0982754399e-01 2.1091259691e-01 1.0982754399e-01 -7.0641076292e-01 -1.3565898233e+00 2.1091259691e-01 -1.3565898233e+00 -2.6051923970e+00 
6.5465500000e+02 -1.7049069064e-02 1.0965961222e-01 2.1059010108e-01 1.0965961222e-01 -7.0533062579e-01 -1.3545155301e+00 2.1059010108e-01 -1.3545155301e+00 -2.6012089285e+00 
6.5565600000e+02 -1.7023039990e-02 1.0949219322e-01 2.1026858996e-01 1.0949219322e-01 -7.0425378678e-01 -1.3524475706e+00 2.1026858996e-01 -1.3524475706e+00 -2.5972376232e+00 
6.5665700000e+02 -1.6997090274e-02 1.0932528464e-01 2.0994805906e-01 1.0932528464e-01 -7.0318023081e-01 -1.3503859159e+00 2.0994805906e-01 -1.3503859159e+00 -2.5932784255e+00 
6.5765800000e+02 -1.6971219552e-02 1.0915888416e-01 2.0962850390e-01 1.0915888416e-01 -7.0210994289e-01 -1.3483305371e+00 2.0962850390e-01 -1.3483305371e+00 -2.5893312802e+00 
6.5865900000e+02 -1.6945427464e-02 1.0899298945e-01 2.0930992003e-01 1.0899298945e-01 -7.0104290813e-01 -1.3462814057e+00 2.0930992003e-01 -1.3462814057e+00 -2.5853961323e+00 
6.5966000000e+02 -1.6919713652e-02 1.0882759821e-01 2.0899230303e-01 1.0882759821e-01 -6.9997911170e-01 -1.3442384931e+00 2.0899230303e-01 -1.3442384931e+00 -2.5814729271e+00 
6.6066100000e+02 -1.6894077761e-02 1.0866270816e-01 2.0867564851e-01 1.0866270816e-01 -6.9891853889e-01 -1.3422017712e+00 2.0867564851e-01 -1.3422017712e+00 -2.5775616104e+00 
6.6166200000e+02 -1.6868519437e-02 1.0849831702e-01 2.0835995209e-01 1.0849831702e-01 -6.9786117508e-01 -1.3401712118e+00 2.0835995209e-01 -1.3401712118e+00 -2.5736621282e+00 
6.6266300000e+02 -1.6843038329e-02 1.0833442253e-01 2.0804520943e-01 1.0833442253e-01 -6.9680700571e-01 -1.3381467871e+00 2.0804520943e-01 -1.3381467871e+00 -2.5697744269e+00 
6.6366400000e+02 -1.6817634086e-02 1.0817102244e-01 2.0773141623e-01 1.0817102244e-01 -6.9575601633e-01 -1.3361284692e+00 2.0773141623e-01 -1.3361284692e+00 -2.5658984532e+00 
6.6466500000e+02 -1.6792306362e-02 1.0800811452e-01 2.0741856818e-01 1.0800811452e-01 -6.9470819258e-01 -1.3341162305e+00 2.0741856818e-01 -1.3341162305e+00 -2.5620341542e+00 
6.6566600000e+02 -1.6767054811e-02 1.0784569655e-01 2.0710666103e-01 1.0784569655e-01 -6.9366352018e-01 -1.3321100437e+00 2.0710666103e-01 -1.3321100437e+00 -2.5581814770e+00 
6.6666700000e+02 -1.6741879091e-02 1.0768376631e-01 2.0679569053e-01 1.0768376631e-01 -6.9262198492e-01 -1.3301098815e+00 2.0679569053e-01 -1.3301098815e+00 -2.5543403694e+00 
6.6766800000e+02 -1.6716778860e-02 1.0752232163e-01 2.0648565248e-01 1.0752232163e-01 -6.9158357271e-01 -1.3281157167e+00 2.0648565248e-01 -1.3281157167e+00 -2.5505107794e+00 
6.6866900000e+02 -1.6691753779e-02 1.0736136031e-01 2.0617654268e-01 1.0736136031e-01 -6.9054826951e-01 -1.3261275225e+00 2.0617654268e-01 -1.3261275225e+00 -2.5466926552e+00 
6.6967000000e+02 -1.6666803512e-02 1.0720088019e-01 2.0586835698e-01 1.0720088019e-01 -6.8951606138e-01 -1.3241452721e+00 2.0586835698e-01 -1.3241452721e+00 -2.5428859454e+00 
6.7067100000e+02 -1.6641927723e-02 1.0704087911e-01 2.0556109123e-01 1.0704087911e-01 -6.8848693446e-01 -1.3221689388e+00 2.0556109123e-01 -1.3221689388e+00 -2.5390905989e+00 
6.7167200000e+02 -1.6617126079e-02 1.0688135494e-01 2.0525474133e-01 1.0688135494e-01 -6.8746087499e-01 -1.3201984962e+00 2.0525474133e-01 -1.3201984962e+00 -2.5353065649e+00 
6.7267300000e+02 -1.6592398250e-02 1.0672230554e-01 2.0494930318e-01 1.0672230554e-01 -6.8643786925e-01 -1.3182339181e+00 2.0494930318e-01 -1.3182339181e+00 -2.5315337929e+00 
6.7367400000e+02 -1.6567743906e-02 1.0656372880e-01 2.0464477272e-01 1.0656372880e-01 -6.8541790365e-01 -1.3162751782e+00 2.0464477272e-01 -1.3162751782e+00 -2.5277722327e+00 
6.7467500000e+02 -1.6543162720e-02 1.0640562261e-01 2.0434114591e-01 1.0640562261e-01 -6.8440096465e-01 -1.3143222505e+00 2.0434114591e-01 -1.3143222505e+00 -2.5240218343e+00 
6.7567600000e+02 -1.6518654367e-02 1.0624798489e-01 2.0403841874e-01 1.0624798489e-01 -6.8338703879e-01 -1.3123751093e+00 2.0403841874e-01 -1.3123751093e+00 -2.5202825483e+00 
6.7667700000e+02 -1.6494218524e-02 1.0609081354e-01 2.0373658720e-01 1.0609081354e-01 -6.8237611272e-01 -1.3104337289e+00 2.0373658720e-01 -1.3104337289e+00 -2.5165543251e+00 
6.7767800000e+02 -1.6469854869e-02 1.0593410652e-01 2.0343564734e-01 1.0593410652e-01 -6.8136817312e-01 -1.3084980837e+00 2.0343564734e-01 -1.3084980837e+00 -2.5128371160e+00 
6.7867900000e+02 -1.6445563083e-02 1.0577786175e-01 2.0313559521e-01 1.0577786175e-01 -6.8036320679e-01 -1.3065681484e+00 2.0313559521e-01 -1.3065681484e+00 -2.5091308720e+00 
6.7968000000e+02 -1.6421342849e-02 1.0562207721e-01 2.0283642688e-01 1.0562207721e-01 -6.7936120060e-01 -1.3046438977e+00 2.0283642688e-01 -1.3046438977e+00 -2.5054355448e+00 
6.8068100000e+02 -1.6397193851e-02 1.0546675085e-01 2.0253813845e-01 1.0546675085e-01 -6.7836214148e-01 -1.3027253065e+00 2.0253813845e-01 -1.3027253065e+00 -2.5017510862e+00 
6.8168200000e+02 -1.6373115775e-02 1.0531188067e-01 2.0224072606e-01 1.0531188067e-01 -6.7736601645e-01 -1.3008123500e+00 2.0224072606e-01 -1.3008123500e+00 -2.4980774482e+00 
6.8268300000e+02 -1.6349108309e-02 1.0515746465e-01 2.0194418584e-01 1.0515746465e-01 -6.7637281260e-01 -1.2989050033e+00 2.0194418584e-01 -1.2989050033e+00 -2.4944145835e+00 
6.8368400000e+02 -1.6325171143e-02 1.0500350079e-01 2.0164851396e-01 1.0500350079e-01 -6.7538251710e-01 -1.2970032418e+00 2.0164851396e-01 -1.2970032418e+00 -2.4907624445e+00 
6.8468500000e+02 -1.6301303969e-02 1.0484998713e-01 2.0135370662e-01 1.0484998713e-01 -6.7439511721e-01 -1.2951070410e+00 2.0135370662e-01 -1.2951070410e+00 -2.4871209842e+00 
6.8568600000e+02 -1.6277506480e-02 1.0469692168e-01 2.0105976004e-01 1.0469692168e-01 -6.7341060022e-01 -1.2932163765e+00 2.0105976004e-01 -1.2932163765e+00 -2.4834901560e+00 
6.8668700000e+02 -1.6253778371e-02 1.0454430248e-01 2.0076667043e-01 1.0454430248e-01 -6.7242895355e-01 -1.2913312242e+00 2.0076667043e-01 -1.2913312242e+00 -2.4798699132e+00 
6.8768800000e+02 -1.6230119339e-02 1.0439212759e-01 2.0047443407e-01 1.0439212759e-01 -6.7145016464e-01 -1.2894515600e+00 2.0047443407e-01 -1.2894515600e+00 -2.4762602097e+00 
6.8868900000e+02 -1.6206529083e-02 1.0424039506e-01 2.0018304724e-01 1.0424039506e-01 -6.7047422105e-01 -1.2875773598e+00 2.0018304724e-01 -1.2875773598e+00 -2.4726609995e+00 
6.8969000000e+02 -1.6183007305e-02 1.0408910298e-01 1.9989250623e-01 1.0408910298e-01 -6.6950111039e-01 -1.2857086000e+00 1.9989250623e-01 -1.2857086000e+00 -2.4690722369e+00 
6.9069100000e+02 -1.6159553705e-02 1.0393824943e-01 1.9960280736e-01 1.0393824943e-01 -6.6853082033e-01 -1.2838452570e+00 1.9960280736e-01 -1.2838452570e+00 -2.4654938765e+00 
6.9169200000e+02 -1.6136167988e-02 1.0378783250e-01 1.9931394699e-01 1.0378783250e-01 -6.6756333863e-01 -1.2819873070e+00 1.9931394699e-01 -1.2819873070e+00 -2.4619258732e+00 
6.9269300000e+02 -1.6112849860e-02 1.0363785030e-01 1.9902592147e-01 1.0363785030e-01 -6.6659865312e-01 -1.2801347269e+00 1.9902592147e-01 -1.2801347269e+00 -2.4583681820e+00 
6.9369400000e+02 -1.6089599028e-02 1.0348830095e-01 1.9873872719e-01 1.0348830095e-01 -6.6563675169e-01 -1.2782874933e+00 1.9873872719e-01 -1.2782874933e+00 -2.4548207583e+00 
6.9469500000e+02 -1.6066415201e-02 1.0333918257e-01 1.9845236056e-01 1.0333918257e-01 -6.6467762230e-01 -1.2764455831e+00 1.9845236056e-01 -1.2764455831e+00 -2.4512835576e+00 
6.9569600000e+02 -1.6043298090e-02 1.0319049331e-01 1.9816681801e-01 1.0319049331e-01 -6.6372125300e-01 -1.2746089734e+00 1.9816681801e-01 -1.2746089734e+00 -2.4477565360e+00 
6.9669700000e+02 -1.6020247407e-02 1.0304223132e-01 1.9788209597e-01 1.0304223132e-01 -6.6276763187e-01 -1.2727776413e+00 1.9788209597e-01 -1.2727776413e+00 -2.4442396495e+00 
6.9769800000e+02 -1.5997262867e-02 1.0289439476e-01 1.9759819094e-01 1.0289439476e-01 -6.6181674711e-01 -1.2709515641e+00 1.9759819094e-01 -1.2709515641e+00 -2.4407328544e+00 
6.9869900000e+02 -1.5974344185e-02 1.0274698180e-01 1.9731509938e-01 1.0274698180e-01 -6.6086858694e-01 -1.2691307192e+00 1.9731509938e-01 -1.2691307192e+00 -2.4372361075e+00 
6.9970000000e+02 -1.5951491079e-02 1.0259999062e-01 1.9703281781e-01 1.0259999062e-01 -6.5992313967e-01 -1.2673150841e+00 1.9703281781e-01 -1.2673150841e+00 -2.4337493655e+00 
7.0070100000e+02 -1.5928703267e-02 1.0245341941e-01 1.9675134275e-01 1.0245341941e-01 -6.5898039367e-01 -1.2655046366e+00 1.9675134275e-01 -1.2655046366e+00 -2.4302725857e+00 
7.0170200000e+02 -1.5905980470e-02 1.0230726638e-01 1.9647067077e-01 1.0230726638e-01 -6.5804033739e-01 -1.2636993544e+00 1.9647067077e-01 -1.2636993544e+00 -2.4268057253e+00 
7.0270300000e+02 -1.5883322411e-02 1.0216152975e-01 1.9619079842e-01 1.0216152975e-01 -6.5710295932e-01 -1.2618992154e+00 1.9619079842e-01 -1.2618992154e+00 -2.4233487420e+00 
7.0370400000e+02 -1.5860728812e-02 1.0201620772e-01 1.9591172229e-01 1.0201620772e-01 -6.5616824805e-01 -1.2601041977e+00 1.9591172229e-01 -1.2601041977e+00 -2.4199015937e+00 
7.0470500000e+02 -1.5838199400e-02 1.0187129854e-01 1.9563343898e-01 1.0187129854e-01 -6.5523619220e-01 -1.2583142795e+00 1.9563343898e-01 -1.2583142795e+00 -2.4164642383e+00 
7.0570600000e+02 -1.5815733900e-02 1.0172680045e-01 1.9535594514e-01 1.0172680045e-01 -6.5430678048e-01 -1.2565294391e+00 1.9535594514e-01 -1.2565294391e+00 -2.4130366343e+00 
7.0670700000e+02 -1.5793332043e-02 1.0158271170e-01 1.9507923739e-01 1.0158271170e-01 -6.5338000165e-01 -1.2547496549e+00 1.9507923739e-01 -1.2547496549e+00 -2.4096187403e+00 
7.0770800000e+02 -1.5770993557e-02 1.0143903056e-01 1.9480331241e-01 1.0143903056e-01 -6.5245584453e-01 -1.2529749054e+00 1.9480331241e-01 -1.2529749054e+00 -2.4062105149e+00 
7.0870900000e+02 -1.5748718173e-02 1.0129575529e-01 1.9452816688e-01 1.0129575529e-01 -6.5153429803e-01 -1.2512051694e+00 1.9452816688e-01 -1.2512051694e+00 -2.4028119173e+00 
7.0971000000e+02 -1.5726505626e-02 1.0115288419e-01 1.9425379749e-01 1.0115288419e-01 -6.5061535109e-01 -1.2494404255e+00 1.9425379749e-01 -1.2494404255e+00 -2.3994229066e+00 
7.1071100000e+02 -1.5704355649e-02 1.0101041554e-01 1.9398020098e-01 1.0101041554e-01 -6.4969899273e-01 -1.2476806527e+00 1.9398020098e-01 -1.2476806527e+00 -2.3960434425e+00 
7.1171200000e+02 -1.5682267979e-02 1.0086834764e-01 1.9370737408e-01 1.0086834764e-01 -6.4878521203e-01 -1.2459258301e+00 1.9370737408e-01 -1.2459258301e+00 -2.3926734846e+00 
7.1271300000e+02 -1.5660242353e-02 1.0072667881e-01 1.9343531354e-01 1.0072667881e-01 -6.4787399812e-01 -1.2441759367e+00 1.9343531354e-01 -1.2441759367e+00 -2.3893129929e+00 
7.1371400000e+02 -1.5638278509e-02 1.0058540737e-01 1.9316401615e-01 1.0058540737e-01 -6.4696534021e-01 -1.2424309518e+00 1.9316401615e-01 -1.2424309518e+00 -2.3859619274e+00 
7.1471500000e+02 -1.5616376189e-02 1.0044453165e-01 1.9289347869e-01 1.0044453165e-01 -6.4605922756e-01 -1.2406908549e+00 1.9289347869e-01 -1.2406908549e+00 -2.3826202487e+00 
7.1571600000e+02 -1.5594535134e-02 1.0030404998e-01 1.9262369797e-01 1.0030404998e-01 -6.4515564948e-01 -1.2389556254e+00 1.9262369797e-01 -1.2389556254e+00 -2.3792879174e+00 
7.1671700000e+02 -1.5572755087e-02 1.0016396072e-01 1.9235467084e-01 1.0016396072e-01 -6.4425459536e-01 -1.2372252428e+00 1.9235467084e-01 -1.2372252428e+00 -2.3759648942e+00 
7.1771800000e+02 -1.5551035794e-02 1.0002426223e-01 1.9208639413e-01 1.0002426223e-01 -6.4335605464e-01 -1.2354996870e+00 1.9208639413e-01 -1.2354996870e+00 -2.3726511402e+00 
7.1871900000e+02 -1.5529377000e-02 9.9884952863e-02 1.9181886470e-01 9.9884952863e-02 -6.4246001681e-01 -1.2337789378e+00 1.9181886470e-01 -1.2337789378e+00 -2.3693466168e+00 
7.1972000000e+02 -1.5507778453e-02 9.9746031007e-02 1.9155207945e-01 9.9746031007e-02 -6.4156647144e-01 -1.2320629750e+00 1.9155207945e-01 -1.2320629750e+00 -2.3660512853e+00 
7.2072100000e+02 -1.5486239901e-02 9.9607495045e-02 1.9128603526e-01 9.9607495045e-02 -6.4067540813e-01 -1.2303517788e+00 1.9128603526e-01 -1.2303517788e+00 -2.3627651075e+00 
7.2172200000e+02 -1.5464761096e-02 9.9469343371e-02 1.9102072906e-01 9.9469343371e-02 -6.3978681656e-01 -1.2286453293e+00 1.9102072906e-01 -1.2286453293e+00 -2.3594880454e+00 
7.2272300000e+02 -1.5443341789e-02 9.9331574388e-02 1.9075615778e-01 9.9331574388e-02 -6.3890068646e-01 -1.2269436068e+00 1.9075615778e-01 -1.2269436068e+00 -2.3562200609e+00 
7.2372400000e+02 -1.5421981733e-02 9.9194186508e-02 1.9049231837e-01 9.9194186508e-02 -6.3801700762e-01 -1.2252465918e+00 1.9049231837e-01 -1.2252465918e+00 -2.3529611165e+00 
7.2472500000e+02 -1.5400680683e-02 9.9057178152e-02 1.9022920780e-01 9.9057178152e-02 -6.3713576988e-01 -1.2235542645e+00 1.9022920780e-01 -1.2235542645e+00 -2.3497111747e+00 
7.2572600000e+02 -1.5379438394e-02 9.8920547750e-02 1.8996682304e-01 9.8920547750e-02 -6.3625696313e-01 -1.2218666058e+00 1.8996682304e-01 -1.2218666058e+00 -2.3464701982e+00 
7.2672700000e+02 -1.5358254624e-02 9.8784293740e-02 1.8970516111e-01 9.8784293740e-02 -6.3538057733e-01 -1.2201835963e+00 1.8970516111e-01 -1.2201835963e+00 -2.3432381501e+00 
7.2772800000e+02 -1.5337129131e-02 9.8648414568e-02 1.8944421902e-01 9.8648414568e-02 -6.3450660250e-01 -1.2185052167e+00 1.8944421902e-01 -1.2185052167e+00 -2.3400149933e+00 
7.2872900000e+02 -1.5316061674e-02 9.8512908690e-02 1.8918399380e-01 9.8512908690e-02 -6.3363502869e-01 -1.2168314481e+00 1.8918399380e-01 -1.2168314481e+00 -2.3368006914e+00 
7.2973000000e+02 -1.5295052016e-02 9.8377774569e-02 1.8892448251e-01 9.8377774569e-02 -6.3276584603e-01 -1.2151622715e+00 1.8892448251e-01 -1.2151622715e+00 -2.3335952079e+00 
7.3073100000e+02 -1.5274099919e-02 9.8243010679e-02 1.8866568220e-01 9.8243010679e-02 -6.3189904469e-01 -1.2134976679e+00 1.8866568220e-01 -1.2134976679e+00 -2.3303985065e+00 
7.3173200000e+02 -1.5253205146e-02 9.8108615499e-02 1.8840758996e-01 9.8108615499e-02 -6.3103461489e-01 -1.2118376186e+00 1.8840758996e-01 -1.2118376186e+00 -2.3272105512e+00 
7.3273300000e+02 -1.5232367463e-02 9.7974587519e-02 1.8815020290e-01 9.7974587519e-02 -6.3017254692e-01 -1.2101821050e+00 1.8815020290e-01 -1.2101821050e+00 -2.3240313062e+00 
7.3373400000e+02 -1.5211586635e-02 9.7840925235e-02 1.8789351811e-01 9.7840925235e-02 -6.2931283111e-01 -1.2085311085e+00 1.8789351811e-01 -1.2085311085e+00 -2.3208607357e+00 
7.3473500000e+02 -1.5190862431e-02 9.7707627153e-02 1.8763753274e-01 9.7707627153e-02 -6.2845545785e-01 -1.2068846106e+00 1.8763753274e-01 -1.2068846106e+00 -2.3176988044e+00 
7.3573600000e+02 -1.5170194619e-02 9.7574691787e-02 1.8738224393e-01 9.7574691787e-02 -6.2760041757e-01 -1.2052425930e+00 1.8738224393e-01 -1.2052425930e+00 -2.3145454770e+00 
7.3673700000e+02 -1.5149582969e-02 9.7442117657e-02 1.8712764883e-01 9.7442117657e-02 -6.2674770077e-01 -1.2036050373e+00 1.8712764883e-01 -1.2036050373e+00 -2.3114007184e+00 
7.3773800000e+02 -1.5129027253e-02 9.7309903294e-02 1.8687374463e-01 9.7309903294e-02 -6.2589729799e-01 -1.2019719255e+00 1.8687374463e-01 -1.2019719255e+00 -2.3082644937e+00 
7.3873900000e+02 -1.5108527244e-02 9.7178047235e-02 1.8662052852e-01 9.7178047235e-02 -6.2504919982e-01 -1.2003432395e+00 1.8662052852e-01 -1.2003432395e+00 -2.3051367683e+00 
7.3974000000e+02 -1.5088082715e-02 9.7046548026e-02 1.8636799770e-01 9.7046548026e-02 -6.2420339690e-01 -1.1987189612e+00 1.8636799770e-01 -1.1987189612e+00 -2.3020175076e+00 
7.4074100000e+02 -1.5067693442e-02 9.6915404219e-02 1.8611614940e-01 9.6915404219e-02 -6.2335987994e-01 -1.1970990729e+00 1.8611614940e-01 -1.1970990729e+00 -2.2989066773e+00 
7.4174200000e+02 -1.5047359200e-02 9.6784614376e-02 1.8586498084e-01 9.6784614376e-02 -6.2251863967e-01 -1.1954835568e+00 1.8586498084e-01 -1.1954835568e+00 -2.2958042434e+00 
7.4274300000e+02 -1.5027079768e-02 9.6654177066e-02 1.8561448929e-01 9.6654177066e-02 -6.2167966689e-01 -1.1938723951e+00 1.8561448929e-01 -1.1938723951e+00 -2.2927101717e+00 
7.4374400000e+02 -1.5006854923e-02 9.6524090865e-02 1.8536467201e-01 9.6524090865e-02 -6.2084295245e-01 -1.1922655704e+00 1.8536467201e-01 -1.1922655704e+00 -2.2896244287e+00 
7.4474500000e+02 -1.4986684446e-02 9.6394354358e-02 1.8511552628e-01 9.6394354358e-02 -6.2000848723e-01 -1.1906630650e+00 1.8511552628e-01 -1.1906630650e+00 -2.2865469806e+00 
7.4574600000e+02 -1.4966568118e-02 9.6264966137e-02 1.8486704940e-01 9.6264966137e-02 -6.1917626219e-01 -1.1890648617e+00 1.8486704940e-01 -1.1890648617e+00 -2.2834777941e+00 
7.4674700000e+02 -1.4946505721e-02 9.6135924800e-02 1.8461923867e-01 9.6135924800e-02 -6.1834626831e-01 -1.1874709431e+00 1.8461923867e-01 -1.1874709431e+00 -2.2804168361e+00 
7.4774800000e+02 -1.4926497039e-02 9.6007228955e-02 1.8437209143e-01 9.6007228955e-02 -6.1751849664e-01 -1.1858812921e+00 1.8437209143e-01 -1.1858812921e+00 -2.2773640733e+00 
7.4874900000e+02 -1.4906541856e-02 9.5878877216e-02 1.8412560500e-01 9.5878877216e-02 -6.1669293825e-01 -1.1842958914e+00 1.8412560500e-01 -1.1842958914e+00 -2.2743194730e+00 
7.4975000000e+02 -1.4886639957e-02 9.5750868205e-02 1.8387977675e-01 9.5750868205e-02 -6.1586958429e-01 -1.1827147241e+00 1.8387977675e-01 -1.1827147241e+00 -2.2712830024e+00 
7.5075100000e+02 -1.4866791130e-02 9.5623200551e-02 1.8363460404e-01 9.5623200551e-02 -6.1504842594e-01 -1.1811377732e+00 1.8363460404e-01 -1.1811377732e+00 -2.2682546291e+00 
7.5175200000e+02 -1.4846995163e-02 9.5495872890e-02 1.8339008426e-01 9.5495872890e-02 -6.1422945443e-01 -1.1795650219e+00 1.8339008426e-01 -1.1795650219e+00 -2.2652343207e+00 
7.5275300000e+02 -1.4827251845e-02 9.5368883866e-02 1.8314621479e-01 9.5368883866e-02 -6.1341266102e-01 -1.1779964535e+00 1.8314621479e-01 -1.1779964535e+00 -2.2622220450e+00 
7.5375400000e+02 -1.4807560965e-02 9.5242232129e-02 1.8290299304e-01 9.5242232129e-02 -6.1259803706e-01 -1.1764320513e+00 1.8290299304e-01 -1.1764320513e+00 -2.2592177701e+00 
7.5475500000e+02 -1.4787922316e-02 9.5115916339e-02 1.8266041645e-01 9.5115916339e-02 -6.1178557389e-01 -1.1748717986e+00 1.8266041645e-01 -1.1748717986e+00 -2.2562214640e+00 
7.5575600000e+02 -1.4768335690e-02 9.4989935160e-02 1.8241848245e-01 9.4989935160e-02 -6.1097526295e-01 -1.1733156791e+00 1.8241848245e-01 -1.1733156791e+00 -2.2532330952e+00 
7.5675700000e+02 -1.4748800880e-02 9.4864287263e-02 1.8217718848e-01 9.4864287263e-02 -6.1016709568e-01 -1.1717636763e+00 1.8217718848e-01 -1.1717636763e+00 -2.2502526321e+00 
7.5775800000e+02 -1.4729317682e-02 9.4738971329e-02 1.8193653201e-01 9.4738971329e-02 -6.0936106359e-01 -1.1702157739e+00 1.8193653201e-01 -1.1702157739e+00 -2.2472800433e+00 
7.5875900000e+02 -1.4709885890e-02 9.4613986044e-02 1.8169651051e-01 9.4613986044e-02 -6.0855715823e-01 -1.1686719556e+00 1.8169651051e-01 -1.1686719556e+00 -2.2443152978e+00 
7.5976000000e+02 -1.4690505302e-02 9.4489330100e-02 1.8145712148e-01 9.4489330100e-02 -6.0775537120e-01 -1.1671322054e+00 1.8145712148e-01 -1.1671322054e+00 -2.2413583646e+00 
7.6076100000e+02 -1.4671175715e-02 9.4365002197e-02 1.8121836243e-01 9.4365002197e-02 -6.0695569413e-01 -1.1655965071e+00 1.8121836243e-01 -1.1655965071e+00 -2.2384092127e+00 
7.6176200000e+02 -1.4651896928e-02 9.4241001043e-02 1.8098023086e-01 9.4241001043e-02 -6.0615811871e-01 -1.1640648449e+00 1.8098023086e-01 -1.1640648449e+00 -2.2354678116e+00 
7.6276300000e+02 -1.4632668742e-02 9.4117325351e-02 1.8074272431e-01 9.4117325351e-02 -6.0536263666e-01 -1.1625372027e+00 1.8074272431e-01 -1.1625372027e+00 -2.2325341306e+00 
7.6376400000e+02 -1.4613490958e-02 9.3993973841e-02 1.8050584031e-01 9.3993973841e-02 -6.0456923974e-01 -1.1610135649e+00 1.8050584031e-01 -1.1610135649e+00 -2.2296081395e+00 
7.6476500000e+02 -1.4594363377e-02 9.3870945240e-02 1.8026957643e-01 9.3870945240e-02 -6.0377791978e-01 -1.1594939156e+00 1.8026957643e-01 -1.1594939156e+00 -2.2266898081e+00 
7.6576600000e+02 -1.4575285803e-02 9.3748238282e-02 1.8003393023e-01 9.3748238282e-02 -6.0298866863e-01 -1.1579782393e+00 1.8003393023e-01 -1.1579782393e+00 -2.2237791062e+00 
7.6676700000e+02 -1.4556258039e-02 9.3625851708e-02 1.7979889930e-01 9.3625851708e-02 -6.0220147819e-01 -1.1564665203e+00 1.7979889930e-01 -1.1564665203e+00 -2.2208760042e+00 
7.6776800000e+02 -1.4537279892e-02 9.3503784264e-02 1.7956448122e-01 9.3503784264e-02 -6.0141634038e-01 -1.1549587432e+00 1.7956448122e-01 -1.1549587432e+00 -2.2179804721e+00 
7.6876900000e+02 -1.4518351166e-02 9.3382034703e-02 1.7933067361e-01 9.3382034703e-02 -6.0063324721e-01 -1.1534548927e+00 1.7933067361e-01 -1.1534548927e+00 -2.2150924804e+00 
7.6977000000e+02 -1.4499471671e-02 9.3260601786e-02 1.7909747408e-01 9.3260601786e-02 -5.9985219069e-01 -1.1519549533e+00 1.7909747408e-01 -1.1519549533e+00 -2.2122119998e+00 
7.7077100000e+02 -1.4480641212e-02 9.3139484278e-02 1.7886488026e-01 9.3139484278e-02 -5.9907316288e-01 -1.1504589098e+00 1.7886488026e-01 -1.1504589098e+00 -2.2093390009e+00 
7.7177200000e+02 -1.4461859601e-02 9.3018680953e-02 1.7863288979e-01 9.3018680953e-02 -5.9829615589e-01 -1.1489667471e+00 1.7863288979e-01 -1.1489667471e+00 -2.2064734547e+00 
7.7277300000e+02 -1.4443126646e-02 9.2898190590e-02 1.7840150034e-01 9.2898190590e-02 -5.9752116187e-01 -1.1474784502e+00 1.7840150034e-01 -1.1474784502e+00 -2.2036153322e+00 
7.7377400000e+02 -1.4424442160e-02 9.2778011973e-02 1.7817070956e-01 9.2778011973e-02 -5.9674817301e-01 -1.1459940039e+00 1.7817070956e-01 -1.1459940039e+00 -2.2007646045e+00 
7.7477500000e+02 -1.4405805954e-02 9.2658143895e-02 1.7794051514e-01 9.2658143895e-02 -5.9597718154e-01 -1.1445133934e+00 1.7794051514e-01 -1.1445133934e+00 -2.1979212430e+00 
7.7577600000e+02 -1.4387217841e-02 9.2538585154e-02 1.7771091477e-01 9.2538585154e-02 -5.9520817971e-01 -1.1430366038e+00 1.7771091477e-01 -1.1430366038e+00 -2.1950852193e+00 
7.7677700000e+02 -1.4368677636e-02 9.2419334554e-02 1.7748190616e-01 9.2419334554e-02 -5.9444115985e-01 -1.1415636204e+00 1.7748190616e-01 -1.1415636204e+00 -2.1922565049e+00 
7.7777800000e+02 -1.4350185153e-02 9.2300390904e-02 1.7725348701e-01 9.2300390904e-02 -5.9367611429e-01 -1.1400944284e+00 1.7725348701e-01 -1.1400944284e+00 -2.1894350715e+00 
7.7877900000e+02 -1.4331740209e-02 9.2181753022e-02 1.7702565506e-01 9.2181753022e-02 -5.9291303544e-01 -1.1386290133e+00 1.7702565506e-01 -1.1386290133e+00 -2.1866208913e+00 
7.7978000000e+02 -1.4313342620e-02 9.2063419729e-02 1.7679840804e-01 9.2063419729e-02 -5.9215191570e-01 -1.1371673605e+00 1.7679840804e-01 -1.1371673605e+00 -2.1838139361e+00 
7.8078100000e+02 -1.4294992204e-02 9.1945389855e-02 1.7657174370e-01 9.1945389855e-02 -5.9139274755e-01 -1.1357094555e+00 1.7657174370e-01 -1.1357094555e+00 -2.1810141782e+00 
7.8178200000e+02 -1.4276688780e-02 9.1827662234e-02 1.7634565981e-01 9.1827662234e-02 -5.9063552349e-01 -1.1342552839e+00 1.7634565981e-01 -1.1342552839e+00 -2.1782215900e+00 
7.8278300000e+02 -1.4258432168e-02 9.1710235706e-02 1.7612015414e-01 9.1710235706e-02 -5.8988023606e-01 -1.1328048314e+00 1.7612015414e-01 -1.1328048314e+00 -2.1754361440e+00 
7.8378400000e+02 -1.4240222189e-02 9.1593109117e-02 1.7589522447e-01 9.1593109117e-02 -5.8912687784e-01 -1.1313580838e+00 1.7589522447e-01 -1.1313580838e+00 -2.1726578127e+00 
7.8478500000e+02 -1.4222058663e-02 9.1476281321e-02 1.7567086861e-01 9.1476281321e-02 -5.8837544146e-01 -1.1299150269e+00 1.7567086861e-01 -1.1299150269e+00 -2.1698865690e+00 
7.8578600000e+02 -1.4203941414e-02 9.1359751175e-02 1.7544708435e-01 9.1359751175e-02 -5.8762591956e-01 -1.1284756465e+00 1.7544708435e-01 -1.1284756465e+00 -2.1671223858e+00 
7.8678700000e+02 -1.4185870265e-02 9.1243517542e-02 1.7522386951e-01 9.1243517542e-02 -5.8687830483e-01 -1.1270399287e+00 1.7522386951e-01 -1.1270399287e+00 -2.1643652362e+00 
7.8778800000e+02 -1.4167845039e-02 9.1127579294e-02 1.7500122193e-01 9.1127579294e-02 -5.8613259002e-01 -1.1256078594e+00 1.7500122193e-01 -1.1256078594e+00 -2.1616150932e+00 
7.8878900000e+02 -1.4149865563e-02 9.1011935304e-02 1.7477913944e-01 9.1011935304e-02 -5.8538876788e-01 -1.1241794249e+00 1.7477913944e-01 -1.1241794249e+00 -2.1588719304e+00 
7.8979000000e+02 -1.4131931663e-02 9.0896584455e-02 1.7455761990e-01 9.0896584455e-02 -5.8464683121e-01 -1.1227546112e+00 1.7455761990e-01 -1.1227546112e+00 -2.1561357210e+00 
7.9079100000e+02 -1.4114043164e-02 9.0781525633e-02 1.7433666117e-01 9.0781525633e-02 -5.8390677287e-01 -1.1213334046e+00 1.7433666117e-01 -1.1213334046e+00 -2.1534064387e+00 
7.9179200000e+02 -1.4096199896e-02 9.0666757730e-02 1.7411626111e-01 9.0666757730e-02 -5.8316858572e-01 -1.1199157915e+00 1.7411626111e-01 -1.1199157915e+00 -2.1506840573e+00 
7.9279300000e+02 -1.4078401686e-02 9.0552279645e-02 1.7389641763e-01 9.0552279645e-02 -5.8243226268e-01 -1.1185017582e+00 1.7389641763e-01 -1.1185017582e+00 -2.1479685505e+00 
7.9379400000e+02 -1.4060648365e-02 9.0438090281e-02 1.7367712860e-01 9.0438090281e-02 -5.8169779669e-01 -1.1170912912e+00 1.7367712860e-01 -1.1170912912e+00 -2.1452598925e+00 
7.9479500000e+02 -1.4042939762e-02 9.0324188547e-02 1.7345839194e-01 9.0324188547e-02 -5.8096518074e-01 -1.1156843769e+00 1.7345839194e-01 -1.1156843769e+00 -2.1425580572e+00 
7.9579600000e+02 -1.4025275709e-02 9.0210573359e-02 1.7324020555e-01 9.0210573359e-02 -5.8023440784e-01 -1.1142810021e+00 1.7324020555e-01 -1.1142810021e+00 -2.1398630190e+00 
7.9679700000e+02 -1.4007656038e-02 9.0097243635e-02 1.7302256738e-01 9.0097243635e-02 -5.7950547106e-01 -1.1128811534e+00 1.7302256738e-01 -1.1128811534e+00 -2.1371747523e+00 
7.9779800000e+02 -1.3990080582e-02 8.9984198301e-02 1.7280547535e-01 8.9984198301e-02 -5.7877836348e-01 -1.1114848174e+00 1.7280547535e-01 -1.1114848174e+00 -2.1344932315e+00 
7.9879900000e+02 -1.3972549174e-02 8.9871436289e-02 1.7258892740e-01 8.9871436289e-02 -5.7805307821e-01 -1.1100919810e+00 1.7258892740e-01 -1.1100919810e+00 -2.1318184313e+00 
7.9980000000e+02 -1.3955061650e-02 8.9758956535e-02 1.7237292150e-01 8.9758956535e-02 -5.7732960843e-01 -1.1087026311e+00 1.7237292150e-01 -1.1087026311e+00 -2.1291503264e+00 
8.0080100000e+02 -1.3937617845e-02 8.9646757979e-02 1.7215745562e-01 8.9646757979e-02 -5.7660794732e-01 -1.1073167546e+00 1.7215745562e-01 -1.1073167546e+00 -2.1264888918e+00 
8.0180200000e+02 -1.3920217595e-02 8.9534839570e-02 1.7194252773e-01 8.9534839570e-02 -5.7588808811e-01 -1.1059343384e+00 1.7194252773e-01 -1.1059343384e+00 -2.1238341025e+00 
8.0280300000e+02 -1.3902860737e-02 8.9423200258e-02 1.7172813582e-01 8.9423200258e-02 -5.7517002406e-01 -1.1045553696e+00 1.7172813582e-01 -1.1045553696e+00 -2.1211859336e+00 
8.0380400000e+02 -1.3885547108e-02 8.9311839001e-02 1.7151427788e-01 8.9311839001e-02 -5.7445374846e-01 -1.1031798353e+00 1.7151427788e-01 -1.1031798353e+00 -2.1185443604e+00 
8.0480500000e+02 -1.3868276549e-02 8.9200754762e-02 1.7130095193e-01 8.9200754762e-02 -5.7373925463e-01 -1.1018077228e+00 1.7130095193e-01 -1.1018077228e+00 -2.1159093583e+00 
8.0580600000e+02 -1.3851048898e-02 8.9089946509e-02 1.7108815598e-01 8.9089946509e-02 -5.7302653595e-01 -1.1004390193e+00 1.7108815598e-01 -1.1004390193e+00 -2.1132809027e+00 
8.0680700000e+02 -1.3833863995e-02 8.8979413213e-02 1.7087588806e-01 8.8979413213e-02 -5.7231558579e-01 -1.0990737120e+00 1.7087588806e-01 -1.0990737120e+00 -2.1106589693e+00 
8.0780800000e+02 -1.3816721681e-02 8.8869153854e-02 1.7066414621e-01 8.8869153854e-02 -5.7160639759e-01 -1.0977117884e+00 1.7066414621e-01 -1.0977117884e+00 -2.1080435340e+00 
8.0880900000e+02 -1.3799621799e-02 8.8759167413e-02 1.7045292847e-01 8.8759167413e-02 -5.7089896480e-01 -1.0963532359e+00 1.7045292847e-01 -1.0963532359e+00 -2.1054345724e+00 
8.0981000000e+02 -1.3782564192e-02 8.8649452880e-02 1.7024223289e-01 8.8649452880e-02 -5.7019328092e-01 -1.0949980420e+00 1.7024223289e-01 -1.0949980420e+00 -2.1028320607e+00 
8.1081100000e+02 -1.3765548701e-02 8.8540009246e-02 1.7003205756e-01 8.8540009246e-02 -5.6948933947e-01 -1.0936461942e+00 1.7003205756e-01 -1.0936461942e+00 -2.1002359749e+00 
8.1181200000e+02 -1.3748575172e-02 8.8430835509e-02 1.6982240053e-01 8.8430835509e-02 -5.6878713400e-01 -1.0922976802e+00 1.6982240053e-01 -1.0922976802e+00 -2.0976462914e+00 
8.1281300000e+02 -1.3731643450e-02 8.8321930674e-02 1.6961325990e-01 8.8321930674e-02 -5.6808665809e-01 -1.0909524877e+00 1.6961325990e-01 -1.0909524877e+00 -2.0950629863e+00 
8.1381400000e+02 -1.3714753381e-02 8.8213293746e-02 1.6940463376e-01 8.8213293746e-02 -5.6738790537e-01 -1.0896106043e+00 1.6940463376e-01 -1.0896106043e+00 -2.0924860362e+00 
8.1481500000e+02 -1.3697904810e-02 8.8104923739e-02 1.6919652022e-01 8.8104923739e-02 -5.6669086949e-01 -1.0882720180e+00 1.6919652022e-01 -1.0882720180e+00 -2.0899154177e+00 
8.1581600000e+02 -1.3681097586e-02 8.7996819671e-02 1.6898891738e-01 8.7996819671e-02 -5.6599554412e-01 -1.0869367166e+00 1.6898891738e-01 -1.0869367166e+00 -2.0873511074e+00 
8.1681700000e+02 -1.3664331555e-02 8.7888980563e-02 1.6878182337e-01 8.7888980563e-02 -5.6530192298e-01 -1.0856046879e+00 1.6878182337e-01 -1.0856046879e+00 -2.0847930823e+00 
8.1781800000e+02 -1.3647606568e-02 8.7781405443e-02 1.6857523632e-01 8.7781405443e-02 -5.6460999981e-01 -1.0842759200e+00 1.6857523632e-01 -1.0842759200e+00 -2.0822413191e+00 
8.1881900000e+02 -1.3630922472e-02 8.7674093342e-02 1.6836915438e-01 8.7674093342e-02 -5.6391976838e-01 -1.0829504010e+00 1.6836915438e-01 -1.0829504010e+00 -2.0796957949e+00 
8.1982000000e+02 -1.3614279120e-02 8.7567043298e-02 1.6816357569e-01 8.7567043298e-02 -5.6323122249e-01 -1.0816281188e+00 1.6816357569e-01 -1.0816281188e+00 -2.0771564869e+00 
8.2082100000e+02 -1.3597676361e-02 8.7460254351e-02 1.6795849841e-01 8.7460254351e-02 -5.6254435598e-01 -1.0803090617e+00 1.6795849841e-01 -1.0803090617e+00 -2.0746233723e+00 
8.2182200000e+02 -1.3581114046e-02 8.7353725547e-02 1.6775392070e-01 8.7353725547e-02 -5.6185916272e-01 -1.0789932180e+00 1.6775392070e-01 -1.0789932180e+00 -2.0720964285e+00 
8.2282300000e+02 -1.3564592030e-02 8.7247455937e-02 1.6754984075e-01 8.7247455937e-02 -5.6117563659e-01 -1.0776805757e+00 1.6754984075e-01 -1.0776805757e+00 -2.0695756330e+00 
8.2382400000e+02 -1.3548110164e-02 8.7141444576e-02 1.6734625675e-01 8.7141444576e-02 -5.6049377151e-01 -1.0763711234e+00 1.6734625675e-01 -1.0763711234e+00 -2.0670609634e+00 
8.2482500000e+02 -1.3531668303e-02 8.7035690524e-02 1.6714316688e-01 8.7035690524e-02 -5.5981356145e-01 -1.0750648494e+00 1.6714316688e-01 -1.0750648494e+00 -2.0645523973e+00 
8.2582600000e+02 -1.3515266301e-02 8.6930192845e-02 1.6694056934e-01 8.6930192845e-02 -5.5913500038e-01 -1.0737617420e+00 1.6694056934e-01 -1.0737617420e+00 -2.0620499125e+00 
8.2682700000e+02 -1.3498904012e-02 8.6824950608e-02 1.6673846236e-01 8.6824950608e-02 -5.5845808231e-01 -1.0724617899e+00 1.6673846236e-01 -1.0724617899e+00 -2.0595534871e+00 
8.2782800000e+02 -1.3482581295e-02 8.6719962887e-02 1.6653684415e-01 8.6719962887e-02 -5.5778280129e-01 -1.0711649816e+00 1.6653684415e-01 -1.0711649816e+00 -2.0570630989e+00 
8.2882900000e+02 -1.3466298003e-02 8.6615228758e-02 1.6633571294e-01 8.6615228758e-02 -5.5710915137e-01 -1.0698713056e+00 1.6633571294e-01 -1.0698713056e+00 -2.0545787262e+00 
8.2983000000e+02 -1.3450053997e-02 8.6510747306e-02 1.6613506696e-01 8.6510747306e-02 -5.5643712667e-01 -1.0685807507e+00 1.6613506696e-01 -1.0685807507e+00 -2.0521003471e+00 
8.3083100000e+02 -1.3433849132e-02 8.6406517615e-02 1.6593490447e-01 8.6406517615e-02 -5.5576672130e-01 -1.0672933056e+00 1.6593490447e-01 -1.0672933056e+00 -2.0496279401e+00 
8.3183200000e+02 -1.3417683268e-02 8.6302538778e-02 1.6573522372e-01 8.6302538778e-02 -5.5509792942e-01 -1.0660089590e+00 1.6573522372e-01 -1.0660089590e+00 -2.0471614834e+00 
8.3283300000e+02 -1.3401556264e-02 8.6198809889e-02 1.6553602297e-01 8.6198809889e-02 -5.5443074521e-01 -1.0647276998e+00 1.6553602297e-01 -1.0647276998e+00 -2.0447009557e+00 
8.3383400000e+02 -1.3385467980e-02 8.6095330050e-02 1.6533730049e-01 8.6095330050e-02 -5.5376516288e-01 -1.0634495168e+00 1.6533730049e-01 -1.0634495168e+00 -2.0422463357e+00 
8.3483500000e+02 -1.3369418278e-02 8.5992098363e-02 1.6513905457e-01 8.5992098363e-02 -5.5310117667e-01 -1.0621743990e+00 1.6513905457e-01 -1.0621743990e+00 -2.0397976020e+00 
8.3583600000e+02 -1.3353407018e-02 8.5889113937e-02 1.6494128348e-01 8.5889113937e-02 -5.5243878084e-01 -1.0609023353e+00 1.6494128348e-01 -1.0609023353e+00 -2.0373547336e+00 
8.3683700000e+02 -1.3337434062e-02 8.5786375885e-02 1.6474398553e-01 8.5786375885e-02 -5.5177796969e-01 -1.0596333149e+00 1.6474398553e-01 -1.0596333149e+00 -2.0349177093e+00 
8.3783800000e+02 -1.3321499273e-02 8.5683883324e-02 1.6454715902e-01 8.5683883324e-02 -5.5111873754e-01 -1.0583673268e+00 1.6454715902e-01 -1.0583673268e+00 -2.0324865082e+00 
8.3883900000e+02 -1.3305602515e-02 8.5581635375e-02 1.6435080226e-01 8.5581635375e-02 -5.5046107873e-01 -1.0571043602e+00 1.6435080226e-01 -1.0571043602e+00 -2.0300611096e+00 
8.3984000000e+02 -1.3289743651e-02 8.5479631164e-02 1.6415491358e-01 8.5479631164e-02 -5.4980498765e-01 -1.0558444041e+00 1.6415491358e-01 -1.0558444041e+00 -2.0276414925e+00 
8.4084100000e+02 -1.3273922546e-02 8.5377869819e-02 1.6395949129e-01 8.5377869819e-02 -5.4915045868e-01 -1.0545874480e+00 1.6395949129e-01 -1.0545874480e+00 -2.0252276365e+00 
8.4184200000e+02 -1.3258139066e-02 8.5276350475e-02 1.6376453375e-01 8.5276350475e-02 -5.4849748625e-01 -1.0533334811e+00 1.6376453375e-01 -1.0533334811e+00 -2.0228195209e+00 
8.4284300000e+02 -1.3242393077e-02 8.5175072269e-02 1.6357003928e-01 8.5175072269e-02 -5.4784606484e-01 -1.0520824927e+00 1.6357003928e-01 -1.0520824927e+00 -2.0204171252e+00 
8.4384400000e+02 -1.3226684444e-02 8.5074034343e-02 1.6337600625e-01 8.5074034343e-02 -5.4719618890e-01 -1.0508344722e+00 1.6337600625e-01 -1.0508344722e+00 -2.0180204292e+00 
8.4484500000e+02 -1.3211013035e-02 8.4973235844e-02 1.6318243301e-01 8.4973235844e-02 -5.4654785295e-01 -1.0495894091e+00 1.6318243301e-01 -1.0495894091e+00 -2.0156294126e+00 
8.4584600000e+02 -1.3195378719e-02 8.4872675920e-02 1.6298931794e-01 8.4872675920e-02 -5.4590105152e-01 -1.0483472930e+00 1.6298931794e-01 -1.0483472930e+00 -2.0132440552e+00 
8.4684700000e+02 -1.3179781363e-02 8.4772353727e-02 1.6279665940e-01 8.4772353727e-02 -5.4525577917e-01 -1.0471081132e+00 1.6279665940e-01 -1.0471081132e+00 -2.0108643369e+00 
8.4784800000e+02 -1.3164220837e-02 8.4672268421e-02 1.6260445577e-01 8.4672268421e-02 -5.4461203049e-01 -1.0458718595e+00 1.6260445577e-01 -1.0458718595e+00 -2.0084902377e+00 
8.4884900000e+02 -1.3148697010e-02 8.4572419166e-02 1.6241270546e-01 8.4572419166e-02 -5.4396980007e-01 -1.0446385215e+00 1.6241270546e-01 -1.0446385215e+00 -2.0061217379e+00 
8.4985000000e+02 -1.3133209752e-02 8.4472805126e-02 1.6222140686e-01 8.4472805126e-02 -5.4332908257e-01 -1.0434080889e+00 1.6222140686e-01 -1.0434080889e+00 -2.0037588175e+00 
8.5085100000e+02 -1.3117758935e-02 8.4373425472e-02 1.6203055837e-01 8.4373425472e-02 -5.4268987264e-01 -1.0421805514e+00 1.6203055837e-01 -1.0421805514e+00 -2.0014014570e+00 
8.5185200000e+02 -1.3102344431e-02 8.4274279378e-02 1.6184015841e-01 8.4274279378e-02 -5.4205216496e-01 -1.0409558989e+00 1.6184015841e-01 -1.0409558989e+00 -1.9990496366e+00 
8.5285300000e+02 -1.3086966110e-02 8.4175366020e-02 1.6165020539e-01 8.4175366020e-02 -5.4141595424e-01 -1.0397341211e+00 1.6165020539e-01 -1.0397341211e+00 -1.9967033370e+00 
8.5385400000e+02 -1.3071623847e-02 8.4076684581e-02 1.6146069775e-01 8.4076684581e-02 -5.4078123523e-01 -1.0385152079e+00 1.6146069775e-01 -1.0385152079e+00 -1.9943625386e+00 
8.5485500000e+02 -1.3056317513e-02 8.3978234246e-02 1.6127163393e-01 8.3978234246e-02 -5.4014800267e-01 -1.0372991494e+00 1.6127163393e-01 -1.0372991494e+00 -1.9920272222e+00 
8.5585600000e+02 -1.3041046984e-02 8.3880014204e-02 1.6108301235e-01 8.3880014204e-02 -5.3951625136e-01 -1.0360859354e+00 1.6108301235e-01 -1.0360859354e+00 -1.9896973686e+00 
8.5685700000e+02 -1.3025812134e-02 8.3782023648e-02 1.6089483148e-01 8.3782023648e-02 -5.3888597610e-01 -1.0348755561e+00 1.6089483148e-01 -1.0348755561e+00 -1.9873729585e+00 
8.5785800000e+02 -1.3010612838e-02 8.3684261774e-02 1.6070708977e-01 8.3684261774e-02 -5.3825717173e-01 -1.0336680014e+00 1.6070708977e-01 -1.0336680014e+00 -1.9850539729e+00 
8.5885900000e+02 -1.2995448971e-02 8.3586727782e-02 1.6051978569e-01 8.3586727782e-02 -5.3762983310e-01 -1.0324632616e+00 1.6051978569e-01 -1.0324632616e+00 -1.9827403929e+00 
8.5986000000e+02 -1.2980320410e-02 8.3489420878e-02 1.6033291771e-01 8.3489420878e-02 -5.3700395509e-01 -1.0312613267e+00 1.6033291771e-01 -1.0312613267e+00 -1.9804321995e+00 
8.6086100000e+02 -1.2965227032e-02 8.3392340269e-02 1.6014648430e-01 8.3392340269e-02 -5.3637953261e-01 -1.0300621870e+00 1.6014648430e-01 -1.0300621870e+00 -1.9781293741e+00 
8.6186200000e+02 -1.2950168714e-02 8.3295485166e-02 1.5996048395e-01 8.3295485166e-02 -5.3575656059e-01 -1.0288658328e+00 1.5996048395e-01 -1.0288658328e+00 -1.9758318978e+00 
8.6286300000e+02 -1.2935145334e-02 8.3198854785e-02 1.5977491516e-01 8.3198854785e-02 -5.3513503398e-01 -1.0276722543e+00 1.5977491516e-01 -1.0276722543e+00 -1.9735397521e+00 
8.6386400000e+02 -1.2920156770e-02 8.3102448344e-02 1.5958977642e-01 8.3102448344e-02 -5.3451494775e-01 -1.0264814419e+00 1.5958977642e-01 -1.0264814419e+00 -1.9712529184e+00 
8.6486500000e+02 -1.2905202902e-02 8.3006265066e-02 1.5940506625e-01 8.3006265066e-02 -5.3389629691e-01 -1.0252933861e+00 1.5940506625e-01 -1.0252933861e+00 -1.9689713783e+00 
8.6586600000e+02 -1.2890283610e-02 8.2910304177e-02 1.5922078315e-01 8.2910304177e-02 -5.3327907647e-01 -1.0241080772e+00 1.5922078315e-01 -1.0241080772e+00 -1.9666951134e+00 
8.6686700000e+02 -1.2875398773e-02 8.2814564906e-02 1.5903692564e-01 8.2814564906e-02 -5.3266328148e-01 -1.0229255057e+00 1.5903692564e-01 -1.0229255057e+00 -1.9644241055e+00 
8.6786800000e+02 -1.2860548272e-02 8.2719046487e-02 1.5885349226e-01 8.2719046487e-02 -5.3204890700e-01 -1.0217456622e+00 1.5885349226e-01 -1.0217456622e+00 -1.9621583364e+00 
8.6886900000e+02 -1.2845731989e-02 8.2623748156e-02 1.5867048153e-01 8.2623748156e-02 -5.3143594814e-01 -1.0205685372e+00 1.5867048153e-01 -1.0205685372e+00 -1.9598977879e+00 
8.6987000000e+02 -1.2830949806e-02 8.2528669153e-02 1.5848789201e-01 8.2528669153e-02 -5.3082440000e-01 -1.0193941214e+00 1.5848789201e-01 -1.0193941214e+00 -1.9576424421e+00 
8.7087100000e+02 -1.2816201605e-02 8.2433808723e-02 1.5830572222e-01 8.2433808723e-02 -5.3021425771e-01 -1.0182224053e+00 1.5830572222e-01 -1.0182224053e+00 -1.9553922809e+00 
8.7187200000e+02 -1.2801487269e-02 8.2339166112e-02 1.5812397074e-01 8.2339166112e-02 -5.2960551643e-01 -1.0170533798e+00 1.5812397074e-01 -1.0170533798e+00 -1.9531472866e+00 
8.7287300000e+02 -1.2786806681e-02 8.2244740571e-02 1.5794263612e-01 8.2244740571e-02 -5.2899817135e-01 -1.0158870355e+00 1.5794263612e-01 -1.0158870355e+00 -1.9509074414e+00 
8.7387400000e+02 -1.2772159725e-02 8.2150531354e-02 1.5776171693e-01 8.2150531354e-02 -5.2839221767e-01 -1.0147233633e+00 1.5776171693e-01 -1.0147233633e+00 -1.9486727275e+00 
8.7487500000e+02 -1.2757546287e-02 8.2056537719e-02 1.5758121174e-01 8.2056537719e-02 -5.2778765061e-01 -1.0135623539e+00 1.5758121174e-01 -1.0135623539e+00 -1.9464431274e+00 
8.7587600000e+02 -1.2742966251e-02 8.1962758925e-02 1.5740111913e-01 8.1962758925e-02 -5.2718446541e-01 -1.0124039982e+00 1.5740111913e-01 -1.0124039982e+00 -1.9442186235e+00 
8.7687700000e+02 -1.2728419502e-02 8.1869194239e-02 1.5722143769e-01 8.1869194239e-02 -5.2658265734e-01 -1.0112482872e+00 1.5722143769e-01 -1.0112482872e+00 -1.9419991984e+00 
8.7787800000e+02 -1.2713905928e-02 8.1775842926e-02 1.5704216602e-01 8.1775842926e-02 -5.2598222170e-01 -1.0100952118e+00 1.5704216602e-01 -1.0100952118e+00 -1.9397848347e+00 
8.7887900000e+02 -1.2699425413e-02 8.1682704259e-02 1.5686330271e-01 8.1682704259e-02 -5.2538315379e-01 -1.0089447630e+00 1.5686330271e-01 -1.0089447630e+00 -1.9375755150e+00 
8.7988000000e+02 -1.2684977847e-02 8.1589777511e-02 1.5668484636e-01 8.1589777511e-02 -5.2478544895e-01 -1.0077969318e+00 1.5668484636e-01 -1.0077969318e+00 -1.9353712223e+00 
8.8088100000e+02 -1.2670563116e-02 8.1497061960e-02 1.5650679561e-01 8.1497061960e-02 -5.2418910253e-01 -1.0066517093e+00 1.5650679561e-01 -1.0066517093e+00 -1.9331719393e+00 
8.8188200000e+02 -1.2656181108e-02 8.1404556887e-02 1.5632914905e-01 8.1404556887e-02 -5.2359410990e-01 -1.0055090867e+00 1.5632914905e-01 -1.0055090867e+00 -1.9309776490e+00 
8.8288300000e+02 -1.2641831713e-02 8.1312261575e-02 1.5615190531e-01 8.1312261575e-02 -5.2300046645e-01 -1.0043690550e+00 1.5615190531e-01 -1.0043690550e+00 -1.9287883344e+00 
8.8388400000e+02 -1.2627514819e-02 8.1220175313e-02 1.5597506304e-01 8.1220175313e-02 -5.2240816761e-01 -1.0032316055e+00 1.5597506304e-01 -1.0032316055e+00 -1.9266039787e+00 
8.8488500000e+02 -1.2613230316e-02 8.1128297391e-02 1.5579862086e-01 8.1128297391e-02 -5.2181720882e-01 -1.0020967294e+00 1.5579862086e-01 -1.0020967294e+00 -1.9244245649e+00 
8.8588600000e+02 -1.2598978094e-02 8.1036627102e-02 1.5562257742e-01 8.1036627102e-02 -5.2122758552e-01 -1.0009644180e+00 1.5562257742e-01 -1.0009644180e+00 -1.9222500763e+00 
8.8688700000e+02 -1.2584758045e-02 8.0945163743e-02 1.5544693137e-01 8.0945163743e-02 -5.2063929319e-01 -9.9983466255e-01 1.5544693137e-01 -9.9983466255e-01 -1.9200804962e+00 
8.8788800000e+02 -1.2570570058e-02 8.0853906615e-02 1.5527168136e-01 8.0853906615e-02 -5.2005232735e-01 -9.9870745451e-01 1.5527168136e-01 -9.9870745451e-01 -1.9179158082e+00 
8.8888900000e+02 -1.2556414027e-02 8.0762855021e-02 1.5509682606e-01 8.0762855021e-02 -5.1946668349e-01 -9.9758278522e-01 1.5509682606e-01 -9.9758278522e-01 -1.9157559955e+00 
8.8989000000e+02 -1.2542289842e-02 8.0672008267e-02 1.5492236413e-01 8.0672008267e-02 -5.1888235717e-01 -9.9646064611e-01 1.5492236413e-01 -9.9646064611e-01 -1.9136010418e+00 
8.9089100000e+02 -1.2528197398e-02 8.0581365663e-02 1.5474829426e-01 8.0581365663e-02 -5.1829934394e-01 -9.9534102866e-01 1.5474829426e-01 -9.9534102866e-01 -1.9114509307e+00 
8.9189200000e+02 -1.2514136586e-02 8.0490926521e-02 1.5457461511e-01 8.0490926521e-02 -5.1771763938e-01 -9.9422392439e-01 1.5457461511e-01 -9.9422392439e-01 -1.9093056458e+00 
8.9289300000e+02 -1.2500107301e-02 8.0400690157e-02 1.5440132538e-01 8.0400690157e-02 -5.1713723909e-01 -9.9310932482e-01 1.5440132538e-01 -9.9310932482e-01 -1.9071651711e+00 
8.9389400000e+02 -1.2486109436e-02 8.0310655890e-02 1.5422842375e-01 8.0310655890e-02 -5.1655813869e-01 -9.9199722156e-01 1.5422842375e-01 -9.9199722156e-01 -1.9050294902e+00 
8.9489500000e+02 -1.2472142886e-02 8.0220823042e-02 1.5405590893e-01 8.0220823042e-02 -5.1598033381e-01 -9.9088760622e-01 1.5405590893e-01 -9.9088760622e-01 -1.9028985871e+00 
8.9589600000e+02 -1.2458207546e-02 8.0131190938e-02 1.5388377961e-01 8.0131190938e-02 -5.1540382011e-01 -9.8978047047e-01 1.5388377961e-01 -9.8978047047e-01 -1.9007724458e+00 
8.9689700000e+02 -1.2444303312e-02 8.0041758905e-02 1.5371203451e-01 8.0041758905e-02 -5.1482859328e-01 -9.8867580599e-01 1.5371203451e-01 -9.8867580599e-01 -1.8986510503e+00 
8.9789800000e+02 -1.2430430080e-02 7.9952526274e-02 1.5354067235e-01 7.9952526274e-02 -5.1425464900e-01 -9.8757360454e-01 1.5354067235e-01 -9.8757360454e-01 -1.8965343848e+00 
8.9889900000e+02 -1.2416587746e-02 7.9863492380e-02 1.5336969183e-01 7.9863492380e-02 -5.1368198299e-01 -9.8647385787e-01 1.5336969183e-01 -9.8647385787e-01 -1.8944224335e+00 
8.9990000000e+02 -1.2402776206e-02 7.9774656558e-02 1.5319909170e-01 7.9774656558e-02 -5.1311059098e-01 -9.8537655780e-01 1.5319909170e-01 -9.8537655780e-01 -1.8923151807e+00 
9.0090100000e+02 -1.2388995359e-02 7.9686018149e-02 1.5302887067e-01 7.9686018149e-02 -5.1254046873e-01 -9.8428169618e-01 1.5302887067e-01 -9.8428169618e-01 -1.8902126106e+00 
9.0190200000e+02 -1.2375245102e-02 7.9597576496e-02 1.5285902750e-01 7.9597576496e-02 -5.1197161202e-01 -9.8318926487e-01 1.5285902750e-01 -9.8318926487e-01 -1.8881147077e+00 
9.0290300000e+02 -1.2361525333e-02 7.9509330943e-02 1.5268956092e-01 7.9509330943e-02 -5.1140401663e-01 -9.8209925581e-01 1.5268956092e-01 -9.8209925581e-01 -1.8860214564e+00 
9.0390400000e+02 -1.2347835952e-02 7.9421280840e-02 1.5252046967e-01 7.9421280840e-02 -5.1083767836e-01 -9.8101166094e-01 1.5252046967e-01 -9.8101166094e-01 -1.8839328414e+00 
9.0490500000e+02 -1.2334176856e-02 7.9333425538e-02 1.5235175253e-01 7.9333425538e-02 -5.1027259306e-01 -9.7992647225e-01 1.5235175253e-01 -9.7992647225e-01 -1.8818488472e+00 
9.0590600000e+02 -1.2320547946e-02 7.9245764391e-02 1.5218340823e-01 7.9245764391e-02 -5.0970875656e-01 -9.7884368176e-01 1.5218340823e-01 -9.7884368176e-01 -1.8797694585e+00 
9.0690700000e+02 -1.2306949123e-02 7.9158296756e-02 1.5201543556e-01 7.9158296756e-02 -5.0914616474e-01 -9.7776328154e-01 1.5201543556e-01 -9.7776328154e-01 -1.8776946601e+00 
9.0790800000e+02 -1.2293380285e-02 7.9071021994e-02 1.5184783328e-01 7.9071021994e-02 -5.0858481347e-01 -9.7668526367e-01 1.5184783328e-01 -9.7668526367e-01 -1.8756244367e+00 
9.0890900000e+02 -1.2279841335e-02 7.8983939466e-02 1.5168060017e-01 7.8983939466e-02 -5.0802469865e-01 -9.7560962029e-01 1.5168060017e-01 -9.7560962029e-01 -1.8735587733e+00 
9.0991000000e+02 -1.2266332173e-02 7.8897048539e-02 1.5151373501e-01 7.8897048539e-02 -5.0746581621e-01 -9.7453634356e-01 1.5151373501e-01 -9.7453634356e-01 -1.8714976548e+00 
9.1091100000e+02 -1.2252852702e-02 7.8810348581e-02 1.5134723658e-01 7.8810348581e-02 -5.0690816207e-01 -9.7346542568e-01 1.5134723658e-01 -9.7346542568e-01 -1.8694410662e+00 
9.1191200000e+02 -1.2239402824e-02 7.8723838963e-02 1.5118110368e-01 7.8723838963e-02 -5.0635173221e-01 -9.7239685887e-01 1.5118110368e-01 -9.7239685887e-01 -1.8673889927e+00 
9.1291300000e+02 -1.2225982441e-02 7.8637519059e-02 1.5101533511e-01 7.8637519059e-02 -5.0579652259e-01 -9.7133063541e-01 1.5101533511e-01 -9.7133063541e-01 -1.8653414193e+00 
9.1391400000e+02 -1.2212591456e-02 7.8551388245e-02 1.5084992966e-01 7.8551388245e-02 -5.0524252919e-01 -9.7026674760e-01 1.5084992966e-01 -9.7026674760e-01 -1.8632983312e+00 
9.1491500000e+02 -1.2199229773e-02 7.8465445901e-02 1.5068488616e-01 7.8465445901e-02 -5.0468974804e-01 -9.6920518777e-01 1.5068488616e-01 -9.6920518777e-01 -1.8612597138e+00 
9.1591600000e+02 -1.2185897296e-02 7.8379691409e-02 1.5052020340e-01 7.8379691409e-02 -5.0413817514e-01 -9.6814594828e-01 1.5052020340e-01 -9.6814594828e-01 -1.8592255524e+00 
9.1691700000e+02 -1.2172593929e-02 7.8294124154e-02 1.5035588022e-01 7.8294124154e-02 -5.0358780656e-01 -9.6708902155e-01 1.5035588022e-01 -9.6708902155e-01 -1.8571958324e+00 
9.1791800000e+02 -1.2159319577e-02 7.8208743522e-02 1.5019191542e-01 7.8208743522e-02 -5.0303863834e-01 -9.6603439999e-01 1.5019191542e-01 -9.6603439999e-01 -1.8551705393e+00 
9.1891900000e+02 -1.2146074146e-02 7.8123548905e-02 1.5002830785e-01 7.8123548905e-02 -5.0249066656e-01 -9.6498207608e-01 1.5002830785e-01 -9.6498207608e-01 -1.8531496585e+00 
9.1992000000e+02 -1.2132857540e-02 7.8038539695e-02 1.4986505633e-01 7.8038539695e-02 -5.0194388732e-01 -9.6393204232e-01 1.4986505633e-01 -9.6393204232e-01 -1.8511331758e+00 
9.2092100000e+02 -1.2119669665e-02 7.7953715288e-02 1.4970215971e-01 7.7953715288e-02 -5.0139829673e-01 -9.6288429123e-01 1.4970215971e-01 -9.6288429123e-01 -1.8491210767e+00 
9.2192200000e+02 -1.2106510429e-02 7.7869075081e-02 1.4953961682e-01 7.7869075081e-02 -5.0085389092e-01 -9.6183881540e-01 1.4953961682e-01 -9.6183881540e-01 -1.8471133470e+00 
9.2292300000e+02 -1.2093379738e-02 7.7784618475e-02 1.4937742652e-01 7.7784618475e-02 -5.0031066603e-01 -9.6079560740e-01 1.4937742652e-01 -9.6079560740e-01 -1.8451099724e+00 
9.2392400000e+02 -1.2080277499e-02 7.7700344873e-02 1.4921558767e-01 7.7700344873e-02 -4.9976861822e-01 -9.5975465987e-01 1.4921558767e-01 -9.5975465987e-01 -1.8431109389e+00 
9.2492500000e+02 -1.2067203620e-02 7.7616253682e-02 1.4905409911e-01 7.7616253682e-02 -4.9922774368e-01 -9.5871596548e-01 1.4905409911e-01 -9.5871596548e-01 -1.8411162322e+00 
9.2592600000e+02 -1.2054158008e-02 7.7532344309e-02 1.4889295972e-01 7.7532344309e-02 -4.9868803859e-01 -9.5767951690e-01 1.4889295972e-01 -9.5767951690e-01 -1.8391258384e+00 
9.2692700000e+02 -1.2041140573e-02 7.7448616166e-02 1.4873216836e-01 7.7448616166e-02 -4.9814949918e-01 -9.5664530688e-01 1.4873216836e-01 -9.5664530688e-01 -1.8371397436e+00 
9.2792800000e+02 -1.2028151223e-02 7.7365068665e-02 1.4857172390e-01 7.7365068665e-02 -4.9761212166e-01 -9.5561332815e-01 1.4857172390e-01 -9.5561332815e-01 -1.8351579337e+00 
9.2892900000e+02 -1.2015189867e-02 7.7281701224e-02 1.4841162524e-01 7.7281701224e-02 -4.9707590227e-01 -9.5458357352e-01 1.4841162524e-01 -9.5458357352e-01 -1.8331803949e+00 
9.2993000000e+02 -1.2002256415e-02 7.7198513261e-02 1.4825187124e-01 7.7198513261e-02 -4.9654083729e-01 -9.5355603580e-01 1.4825187124e-01 -9.5355603580e-01 -1.8312071135e+00 
9.3093100000e+02 -1.1989350777e-02 7.7115504196e-02 1.4809246079e-01 7.7115504196e-02 -4.9600692299e-01 -9.5253070783e-01 1.4809246079e-01 -9.5253070783e-01 -1.8292380757e+00 
9.3193200000e+02 -1.1976472863e-02 7.7032673453e-02 1.4793339280e-01 7.7032673453e-02 -4.9547415565e-01 -9.5150758249e-01 1.4793339280e-01 -9.5150758249e-01 -1.8272732679e+00 
9.3293300000e+02 -1.1963622584e-02 7.6950020459e-02 1.4777466615e-01 7.6950020459e-02 -4.9494253159e-01 -9.5048665271e-01 1.4777466615e-01 -9.5048665271e-01 -1.8253126763e+00 
9.3393400000e+02 -1.1950799851e-02 7.6867544641e-02 1.4761627976e-01 7.6867544641e-02 -4.9441204713e-01 -9.4946791140e-01 1.4761627976e-01 -9.4946791140e-01 -1.8233562876e+00 
9.3493500000e+02 -1.1938004576e-02 7.6785245430e-02 1.4745823252e-01 7.6785245430e-02 -4.9388269861e-01 -9.4845135156e-01 1.4745823252e-01 -9.4845135156e-01 -1.8214040881e+00 
9.3593600000e+02 -1.1925236670e-02 7.6703122261e-02 1.4730052335e-01 7.6703122261e-02 -4.9335448238e-01 -9.4743696617e-01 1.4730052335e-01 -9.4743696617e-01 -1.8194560644e+00 
9.3693700000e+02 -1.1912496046e-02 7.6621174568e-02 1.4714315116e-01 7.6621174568e-02 -4.9282739482e-01 -9.4642474827e-01 1.4714315116e-01 -9.4642474827e-01 -1.8175122031e+00 
9.3793800000e+02 -1.1899782617e-02 7.6539401790e-02 1.4698611488e-01 7.6539401790e-02 -4.9230143232e-01 -9.4541469092e-01 1.4698611488e-01 -9.4541469092e-01 -1.8155724910e+00 
9.3893900000e+02 -1.1887096295e-02 7.6457803368e-02 1.4682941343e-01 7.6457803368e-02 -4.9177659126e-01 -9.4440678720e-01 1.4682941343e-01 -9.4440678720e-01 -1.8136369147e+00 
9.3994000000e+02 -1.1874436994e-02 7.6376378744e-02 1.4667304575e-01 7.6376378744e-02 -4.9125286808e-01 -9.4340103024e-01 1.4667304575e-01 -9.4340103024e-01 -1.8117054611e+00 
9.4094100000e+02 -1.1861804627e-02 7.6295127363e-02 1.4651701076e-01 7.6295127363e-02 -4.9073025920e-01 -9.4239741319e-01 1.4651701076e-01 -9.4239741319e-01 -1.8097781169e+00 
9.4194200000e+02 -1.1849199110e-02 7.6214048674e-02 1.4636130740e-01 7.6214048674e-02 -4.9020876107e-01 -9.4139592923e-01 1.4636130740e-01 -9.4139592923e-01 -1.8078548691e+00 
9.4294300000e+02 -1.1836620356e-02 7.6133142127e-02 1.4620593463e-01 7.6133142127e-02 -4.8968837016e-01 -9.4039657155e-01 1.4620593463e-01 -9.4039657155e-01 -1.8059357046e+00 
9.4394400000e+02 -1.1824068279e-02 7.6052407173e-02 1.4605089139e-01 7.6052407173e-02 -4.8916908294e-01 -9.3939933340e-01 1.4605089139e-01 -9.3939933340e-01 -1.8040206104e+00 
9.4494500000e+02 -1.1811542797e-02 7.5971843268e-02 1.4589617662e-01 7.5971843268e-02 -4.8865089590e-01 -9.3840420804e-01 1.4589617662e-01 -9.3840420804e-01 -1.8021095737e+00 
9.4594600000e+02 -1.1799043823e-02 7.5891449868e-02 1.4574178930e-01 7.5891449868e-02 -4.8813380555e-01 -9.3741118877e-01 1.4574178930e-01 -9.3741118877e-01 -1.8002025814e+00 
9.4694700000e+02 -1.1786571274e-02 7.5811226432e-02 1.4558772837e-01 7.5811226432e-02 -4.8761780841e-01 -9.3642026889e-01 1.4558772837e-01 -9.3642026889e-01 -1.7982996209e+00 
9.4794800000e+02 -1.1774125066e-02 7.5731172424e-02 1.4543399281e-01 7.5731172424e-02 -4.8710290103e-01 -9.3543144178e-01 1.4543399281e-01 -9.3543144178e-01 -1.7964006792e+00 
9.4894900000e+02 -1.1761705116e-02 7.5651287305e-02 1.4528058159e-01 7.5651287305e-02 -4.8658907994e-01 -9.3444470079e-01 1.4528058159e-01 -9.3444470079e-01 -1.7945057438e+00 
9.4995000000e+02 -1.1749311341e-02 7.5571570542e-02 1.4512749368e-01 7.5571570542e-02 -4.8607634173e-01 -9.3346003934e-01 1.4512749368e-01 -9.3346003934e-01 -1.7926148019e+00 
9.5095100000e+02 -1.1736943657e-02 7.5492021604e-02 1.4497472806e-01 7.5492021604e-02 -4.8556468296e-01 -9.3247745086e-01 1.4497472806e-01 -9.3247745086e-01 -1.7907278409e+00 
9.5195200000e+02 -1.1724601984e-02 7.5412639961e-02 1.4482228371e-01 7.5412639961e-02 -4.8505410023e-01 -9.3149692880e-01 1.4482228371e-01 -9.3149692880e-01 -1.7888448483e+00 
9.5295300000e+02 -1.1712286239e-02 7.5333425087e-02 1.4467015962e-01 7.5333425087e-02 -4.8454459016e-01 -9.3051846667e-01 1.4467015962e-01 -9.3051846667e-01 -1.7869658116e+00 
9.5395400000e+02 -1.1699996339e-02 7.5254376455e-02 1.4451835478e-01 7.5254376455e-02 -4.8403614936e-01 -9.2954205797e-01 1.4451835478e-01 -9.2954205797e-01 -1.7850907183e+00 
9.5495500000e+02 -1.1687732205e-02 7.5175493543e-02 1.4436686820e-01 7.5175493543e-02 -4.8352877447e-01 -9.2856769625e-01 1.4436686820e-01 -9.2856769625e-01 -1.7832195560e+00 
9.5595600000e+02 -1.1675493755e-02 7.5096775831e-02 1.4421569886e-01 7.5096775831e-02 -4.8302246215e-01 -9.2759537507e-01 1.4421569886e-01 -9.2759537507e-01 -1.7813523123e+00 
9.5695700000e+02 -1.1663280908e-02 7.5018222801e-02 1.4406484578e-01 7.5018222801e-02 -4.8251720905e-01 -9.2662508803e-01 1.4406484578e-01 -9.2662508803e-01 -1.7794889750e+00 
9.5795800000e+02 -1.1651093584e-02 7.4939833935e-02 1.4391430795e-01 7.4939833935e-02 -4.8201301187e-01 -9.2565682876e-01 1.4391430795e-01 -9.2565682876e-01 -1.7776295319e+00 
9.5895900000e+02 -1.1638931704e-02 7.4861608720e-02 1.4376408441e-01 7.4861608720e-02 -4.8150986729e-01 -9.2469059091e-01 1.4376408441e-01 -9.2469059091e-01 -1.7757739706e+00 
9.5996000000e+02 -1.1626795187e-02 7.4783546644e-02 1.4361417415e-01 7.4783546644e-02 -4.8100777202e-01 -9.2372636815e-01 1.4361417415e-01 -9.2372636815e-01 -1.7739222791e+00 
9.6096100000e+02 -1.1614683955e-02 7.4705647197e-02 1.4346457621e-01 7.4705647197e-02 -4.8050672277e-01 -9.2276415418e-01 1.4346457621e-01 -9.2276415418e-01 -1.7720744453e+00 
9.6196200000e+02 -1.1602597928e-02 7.4627909872e-02 1.4331528961e-01 7.4627909872e-02 -4.8000671630e-01 -9.2180394274e-01 1.4331528961e-01 -9.2180394274e-01 -1.7702304572e+00 
9.6296300000e+02 -1.1590537028e-02 7.4550334163e-02 1.4316631337e-01 7.4550334163e-02 -4.7950774934e-01 -9.2084572758e-01 1.4316631337e-01 -9.2084572758e-01 -1.7683903027e+00 
9.6396400000e+02 -1.1578501176e-02 7.4472919566e-02 1.4301764653e-01 7.4472919566e-02 -4.7900981865e-01 -9.1988950248e-01 1.4301764653e-01 -9.1988950248e-01 -1.7665539699e+00 
9.6496500000e+02 -1.1566490295e-02 7.4395665580e-02 1.4286928813e-01 7.4395665580e-02 -4.7851292101e-01 -9.1893526125e-01 1.4286928813e-01 -9.1893526125e-01 -1.7647214470e+00 
9.6596600000e+02 -1.1554504308e-02 7.4318571706e-02 1.4272123721e-01 7.4318571706e-02 -4.7801705321e-01 -9.1798299771e-01 1.4272123721e-01 -9.1798299771e-01 -1.7628927220e+00 
9.6696700000e+02 -1.1542543135e-02 7.4241637446e-02 1.4257349281e-01 7.4241637446e-02 -4.7752221205e-01 -9.1703270574e-01 1.4257349281e-01 -9.1703270574e-01 -1.7610677832e+00 
9.6796800000e+02 -1.1530606702e-02 7.4164862306e-02 1.4242605398e-01 7.4164862306e-02 -4.7702839435e-01 -9.1608437920e-01 1.4242605398e-01 -9.1608437920e-01 -1.7592466188e+00 
9.6896900000e+02 -1.1518694930e-02 7.4088245792e-02 1.4227891978e-01 7.4088245792e-02 -4.7653559693e-01 -9.1513801202e-01 1.4227891978e-01 -9.1513801202e-01 -1.7574292171e+00 
9.6997000000e+02 -1.1506807744e-02 7.4011787413e-02 1.4213208926e-01 7.4011787413e-02 -4.7604381664e-01 -9.1419359812e-01 1.4213208926e-01 -9.1419359812e-01 -1.7556155665e+00 
9.7097100000e+02 -1.1494945068e-02 7.3935486679e-02 1.4198556148e-01 7.3935486679e-02 -4.7555305032e-01 -9.1325113146e-01 1.4198556148e-01 -9.1325113146e-01 -1.7538056554e+00 
9.7197200000e+02 -1.1483106826e-02 7.3859343105e-02 1.4183933552e-01 7.3859343105e-02 -4.7506329485e-01 -9.1231060603e-01 1.4183933552e-01 -9.1231060603e-01 -1.7519994723e+00 
9.7297300000e+02 -1.1471292942e-02 7.3783356205e-02 1.4169341042e-01 7.3783356205e-02 -4.7457454711e-01 -9.1137201584e-01 1.4169341042e-01 -9.1137201584e-01 -1.7501970055e+00 
9.7397400000e+02 -1.1459503342e-02 7.3707525495e-02 1.4154778528e-01 7.3707525495e-02 -4.7408680398e-01 -9.1043535492e-01 1.4154778528e-01 -9.1043535492e-01 -1.7483982438e+00 
9.7497500000e+02 -1.1447737950e-02 7.3631850495e-02 1.4140245916e-01 7.3631850495e-02 -4.7360006238e-01 -9.0950061732e-01 1.4140245916e-01 -9.0950061732e-01 -1.7466031755e+00 
9.7597600000e+02 -1.1435996692e-02 7.3556330726e-02 1.4125743115e-01 7.3556330726e-02 -4.7311431923e-01 -9.0856779713e-01 1.4125743115e-01 -9.0856779713e-01 -1.7448117895e+00 
9.7697700000e+02 -1.1424279495e-02 7.3480965710e-02 1.4111270032e-01 7.3480965710e-02 -4.7262957145e-01 -9.0763688845e-01 1.4111270032e-01 -9.0763688845e-01 -1.7430240743e+00 
9.7797800000e+02 -1.1412586283e-02 7.3405754973e-02 1.4096826577e-01 7.3405754973e-02 -4.7214581598e-01 -9.0670788542e-01 1.4096826577e-01 -9.0670788542e-01 -1.7412400188e+00 
9.7897900000e+02 -1.1400916984e-02 7.3330698040e-02 1.4082412658e-01 7.3330698040e-02 -4.7166304979e-01 -9.0578078219e-01 1.4082412658e-01 -9.0578078219e-01 -1.7394596116e+00 
9.7998000000e+02 -1.1389271524e-02 7.3255794441e-02 1.4068028186e-01 7.3255794441e-02 -4.7118126985e-01 -9.0485557294e-01 1.4068028186e-01 -9.0485557294e-01 -1.7376828416e+00 
9.8098100000e+02 -1.1377649830e-02 7.3181043707e-02 1.4053673070e-01 7.3181043707e-02 -4.7070047312e-01 -9.0393225187e-01 1.4053673070e-01 -9.0393225187e-01 -1.7359096976e+00 
9.8198200000e+02 -1.1366051830e-02 7.3106445369e-02 1.4039347220e-01 7.3106445369e-02 -4.7022065661e-01 -9.0301081320e-01 1.4039347220e-01 -9.0301081320e-01 -1.7341401686e+00 
9.8298300000e+02 -1.1354477451e-02 7.3031998963e-02 1.4025050547e-01 7.3031998963e-02 -4.6974181733e-01 -9.0209125119e-01 1.4025050547e-01 -9.0209125119e-01 -1.7323742436e+00 
9.8398400000e+02 -1.1342926621e-02 7.2957704024e-02 1.4010782962e-01 7.2957704024e-02 -4.6926395228e-01 -9.0117356011e-01 1.4010782962e-01 -9.0117356011e-01 -1.7306119114e+00 
9.8498500000e+02 -1.1331399268e-02 7.2883560091e-02 1.3996544376e-01 7.2883560091e-02 -4.6878705851e-01 -9.0025773425e-01 1.3996544376e-01 -9.0025773425e-01 -1.7288531613e+00 
9.8598600000e+02 -1.1319895321e-02 7.2809566704e-02 1.3982334700e-01 7.2809566704e-02 -4.6831113304e-01 -8.9934376793e-01 1.3982334700e-01 -8.9934376793e-01 -1.7270979822e+00 
9.8698700000e+02 -1.1308414709e-02 7.2735723405e-02 1.3968153848e-01 7.2735723405e-02 -4.6783617294e-01 -8.9843165550e-01 1.3968153848e-01 -8.9843165550e-01 -1.7253463633e+00 
9.8798800000e+02 -1.1296957360e-02 7.2662029738e-02 1.3954001731e-01 7.2662029738e-02 -4.6736217527e-01 -8.9752139132e-01 1.3954001731e-01 -8.9752139132e-01 -1.7235982938e+00 
9.8898900000e+02 -1.1285523204e-02 7.2588485248e-02 1.3939878261e-01 7.2588485248e-02 -4.6688913711e-01 -8.9661296978e-01 1.3939878261e-01 -8.9661296978e-01 -1.7218537629e+00 
9.8999000000e+02 -1.1274112171e-02 7.2515089482e-02 1.3925783353e-01 7.2515089482e-02 -4.6641705555e-01 -8.9570638528e-01 1.3925783353e-01 -8.9570638528e-01 -1.7201127598e+00 
9.9099100000e+02 -1.1262724190e-02 7.2441841991e-02 1.3911716920e-01 7.2441841991e-02 -4.6594592769e-01 -8.9480163227e-01 1.3911716920e-01 -8.9480163227e-01 -1.7183752739e+00 
9.9199200000e+02 -1.1251359192e-02 7.2368742325e-02 1.3897678874e-01 7.2368742325e-02 -4.6547575063e-01 -8.9389870520e-01 1.3897678874e-01 -8.9389870520e-01 -1.7166412946e+00 
9.9299300000e+02 -1.1240017108e-02 7.2295790037e-02 1.3883669132e-01 7.2295790037e-02 -4.6500652152e-01 -8.9299759854e-01 1.3883669132e-01 -8.9299759854e-01 -1.7149108111e+00 
9.9399400000e+02 -1.1228697867e-02 7.2222984683e-02 1.3869687606e-01 7.2222984683e-02 -4.6453823748e-01 -8.9209830680e-01 1.3869687606e-01 -8.9209830680e-01 -1.7131838131e+00 
9.9499500000e+02 -1.1217401402e-02 7.2150325817e-02 1.3855734212e-01 7.2150325817e-02 -4.6407089566e-01 -8.9120082449e-01 1.3855734212e-01 -8.9120082449e-01 -1.7114602898e+00 
9.9599600000e+02 -1.1206127643e-02 7.2077813000e-02 1.3841808865e-01 7.2077813000e-02 -4.6360449321e-01 -8.9030514617e-01 1.3841808865e-01 -8.9030514617e-01 -1.7097402310e+00 
9.9699700000e+02 -1.1194876522e-02 7.2005445790e-02 1.3827911480e-01 7.2005445790e-02 -4.6313902732e-01 -8.8941126640e-01 1.3827911480e-01 -8.8941126640e-01 -1.7080236260e+00 
9.9799800000e+02 -1.1183647971e-02 7.1933223750e-02 1.3814041974e-01 7.1933223750e-02 -4.6267449516e-01 -8.8851917977e-01 1.3814041974e-01 -8.8851917977e-01 -1.7063104646e+00 
9.9899900000e+02 -1.1172441922e-02 7.1861146444e-02 1.3800200262e-01 7.1861146444e-02 -4.6221089393e-01 -8.8762888088e-01 1.3800200262e-01 -8.8762888088e-01 -1.7046007364e+00 
1.0000000000e+03 -1.1161258308e-02 7.1789213437e-02 1.3786386262e-01 7.1789213437e-02 -4.6174822082e-01 -8.8674036437e-01 1.3786386262e-01 -8.8674036437e-01 -1.7028944311e+00 
